バージョン,タイトル,ジャンル,アーティスト,BEGINNER 難易度,NORMAL 難易度,HYPER 難易度,ANOTHER 難易度,LEGGENDARIA 難易度
1st&substream,22DUNK,TECHNO,SLAKE,0,3,4,5,0
1st&substream,5.1.1.,PIANO AMBIENT,dj nagureo,0,2,6,10,0
1st&substream,deep in you,DANCE POP,dj nagureo,0,4,4,5,0
1st&substream,Dr.LOVE,DANCE POP,baby weapon  feat.Asuka.M,0,2,3,4,0
1st&substream,GAMBOL,BIG BEAT,SLAKE,0,2,2,0,0
1st&substream,GENOM SCREAMS,TRANCE,L.E.D. LIGHT,0,3,6,9,0
1st&substream,gentle stress,DRUM'N'BASS,DJ Swan,0,2,4,9,0
1st&substream,GRADIUSIC CYBER,DIGI-ROCK,TAKA,0,5,6,7,0
1st&substream,KEEP ON MOVIN',DANCE POP,N.M.R.,0,2,3,0,0
1st&substream,Macho Gang,TRIBAL HOUSE,ANAL SPYDER,0,2,7,10,0
1st&substream,PARANOIA MAX～DIRTY MIX～,JUNGLE,190,0,5,6,8,0
1st&substream,R3,RAVE,tiger YAMATO,0,4,5,6,0
1st&substream,RUGGED ASH,FUTURE JAZZ,SYMPHONIC DEFOGGERS,0,3,3,9,11
1st&substream,THE EARTH LIGHT,TRANCE,L.E.D. LIGHT,0,4,7,8,0
2nd style,.59,CHILL OUT,dj TAKA,0,4,6,7,0
2nd style,Digital MinD(A/T Libra mix),MINIMAL,TaQ,0,4,5,6,0
2nd style,Electro Tuned(the SubS mix),BIG BEAT,TaQ,0,4,5,6,0
2nd style,I Was The One,ITALO HOUSE,good-cool,0,3,3,4,0
2nd style,Indigo Vision(full flavour hide around mix),GOA TRANCE,TaQ,0,3,5,8,0
2nd style,PUT YOUR FAITH IN ME(for beatmania II),JAZZ FUNK,dj TAKA feat. UZI-LAY,0,3,6,0,0
2nd style,SP-TRIP MACHINE(for beatmania II),JUNGLE,dj TAKA feat. DE-SIRE,0,3,4,4,0
3rd style,CAN'T STOP FALLIN'IN LOVE,HYPER EUROBEAT,NAOKI,0,4,8,0,0
3rd style,Don't Stop!,HAPPY HANDBAG,dj TAKA feat. JP Miles,0,4,4,4,0
3rd style,era (nostalmix),DRUM'N'BASS,TaQ,0,5,8,9,0
3rd style,Holic,HARD TECHNO,TaQ,0,5,7,11,0
3rd style,LEADING CYBER,DIGI-ROCK,dj TAKA,0,4,6,7,0
3rd style,Presto,PIANO AMBIENT,Osamu Kubota,0,3,8,8,0
3rd style,R5,RAVE,tigerYAMATO with ultrabeatbox,0,5,8,11,0
3rd style,REINCARNATION,TRANCE,dj TAKA,0,4,5,7,0
3rd style,Schlagwerk,BIG BEAT,TaQ,0,4,6,8,0
3rd style,Skyscraper,EPIC HOUSE,good-cool,0,4,6,7,0
3rd style,Tangerine Stream,AMBIENT,dj TAKA,0,2,3,0,0
3rd style,THE SAFARI,WORLD HOUSE,Lion Musashi,2,7,10,0,0
4th style,250bpm,GABBA,AKIRA YAMAOKA,0,5,8,10,0
4th style,ABSOLUTE,EPIC TRANCE,dj TAKA,0,6,8,10,11
4th style,B4U,SPEED RAVE,NAOKI,0,5,9,10,0
4th style,Broken My Heart,HYPER EUROBEAT,NAOKI feat.PAULA TERRY,0,5,7,9,0
4th style,Burnin' The Floor,EURO GROOVE,NAOKI,0,4,4,7,0
4th style,CHECKING YOU OUT,HIP HOP,good-cool feat. JP Miles,0,7,9,11,0
4th style,Clione,DUTCH TRANCE,kors k,0,4,5,9,11
4th style,DXY!,TECHNO,TaQ,0,6,9,10,0
4th style,empathy,DRUM'N'BASS,TaQ,0,5,7,8,0
4th style,era (step mix),DRUM'N'BASS,TaQ,0,5,8,9,0
4th style,FLOWERS for ALBION,AMBIENT,dj TAKA,0,2,5,0,0
4th style,HIGHER,DANCE POP,NM feat. Sunny,0,3,4,6,0
4th style,Hitch Hiker2,WARP HOUSE,good-cool,0,4,6,7,0
4th style,Jam&Marmalade,WARP HOUSE,FinalOffset,0,6,7,8,0
4th style,KAMIKAZE,TECHNO,dj nagureo,0,5,6,10,0
4th style,LOVE WILL・・・,TRANCE,riewo,0,4,4,7,0
4th style,minimalian,MINIMAL,DETROIAN,0,3,8,9,0
4th style,Mr.T.(take me higher),DANCE POP,Risky Men  feat.Asuka-M,0,4,5,10,0
4th style,starmine,HAPPY HARDCORE,Ryu☆,2,5,8,9,0
4th style,SWEET LAB,LOUNGE HOUSE,DJ SIMON,0,3,6,10,0
4th style,Voltage (feat. Hidemaru),BIG BEAT,TaQ,0,5,7,8,0
5th style,Abyss,INTELLIGENCE,dj TAKA,0,5,7,8,0
5th style,in my eyes,TRANCE,ric,0,5,6,7,0
5th style,LOVE AGAIN TONIGHT～for Mellisa mix～,HYPER EUROBEAT,NAOKI feat.PAULA TERRY,0,4,5,6,0
5th style,outer wall,TECHNO,sampling masters MEGA,0,5,6,8,0
5th style,QQQ,TECHNO,TaQ,0,5,8,10,0
5th style,Radical Faith,BIG BEAT,TaQ,0,5,6,7,0
5th style,Real,DRUM'N'BASS,Aya,0,5,8,9,0
5th style,Regulus,INSTRUMENTAL,DJ.W,0,6,9,10,0
5th style,RIDE ON THE LIGHT (HI GREAT MIX),POWER FUSION,Mr.T,0,4,5,8,10
5th style,RISLIM,NEW ROMANTIC,ric,0,4,7,0,0
5th style,Spin the disc,HOUSE,good-cool,0,5,7,8,0
5th style,STILL IN MY HEART,HYPER EUROBEAT,NAOKI,0,5,7,9,0
5th style,still my words,AMBIENT,TaQ feat. Meg,0,4,6,0,0
5th style,sync,TRANCE,OutPhase (TaQ/dj TAKA),0,6,8,10,0
5th style,THE CUBE,DRUM'N'BASS,DJ SUWAMI,0,4,6,7,0
5th style,THE SHINING POLARIS,EPIC TRANCE,L.E.D. feat. Sana,0,5,7,8,0
5th style,V,PROGRESSIVE,TAKA,2,5,10,12,0
6th style,19，November,HOUSE,good-cool,0,5,6,8,0
6th style,BALLAD FOR YOU～想いの雨～,BALLAD,NM feat.Thomas Howard,0,4,5,7,0
6th style,Blueberry Stream,HOUSE,dj TAKA,0,5,7,8,0
6th style,Buffalo,ROCK,good-cool feat. Hideo Suwa,0,5,7,10,0
6th style,Colors (radio edit),TRANCE,dj TAKA,0,6,9,12,0
6th style,DIVE ～INTO YOUR HEART～,HYPER TRANCE EURO BEAT,NAOKI feat.PAULA TERRY,0,5,8,10,0
6th style,fly through the night,TRANCE,Mr.T,0,4,7,8,0
6th style,Free Style,DANCE POP,Shapes,0,5,6,7,0
6th style,Frozen Ray (original mix),TRANCE,dj TAKA,0,6,9,9,0
6th style,G2,DRUM'N'BASS,Aya,0,8,9,11,0
6th style,Linus,LOUNGE POP,LEGO STUDIO,0,5,9,11,0
6th style,NEMESIS,TECHNO,D.J.SETUP,0,5,9,11,0
6th style,rottel-da-sun,ROTTERDAM TECHNO,sampling masters MEGA,0,5,8,10,0
6th style,route 80s,NOISY,sampling masters MEGA,0,6,8,9,0
6th style,SOMETHING WONDERFUL,EPIC TRANCE,L.E.D.,0,6,8,10,0
6th style,Summer Vacation(CU mix),TRIP HOP,OutPhase,0,6,9,0,0
6th style,Take It Easy,INSTRUMENTAL,Aya,0,7,10,11,0
6th style,VJ ARMY,ALL MIX,good-cool,0,6,9,10,0
6th style,こっちを向いてよ,SOUL,vivi,0,5,6,7,0
6th style,電人イェーガーのテーマ(Theme of DENJIN J),NU-NRG,L.E.D.,0,5,7,0,0
7th style,A,RENAISSANCE,D.J.Amuro,0,6,10,12,0
7th style,AVE DE RAPINA,ALTERNATIVE HOUSE,Shawn The Horny Master,0,6,8,9,0
7th style,Bad Routine,FILTER HOUSE,D.J. Spugna,0,5,7,9,0
7th style,Burning Heat! (Full Option Mix),12 BEAT,Mr.T with Motoaki.F,0,4,5,7,0
7th style,Cheer Train,BIG BEAT,Fuzita Blender,0,5,6,9,0
7th style,D2R,HYPER ROCK BEAT,NAOKI,0,5,6,8,0
7th style,DESTINY,HYPER EUROBEAT,NAOKI feat.Paula Terry,0,5,6,8,0
7th style,foreplay,PROGRESSIVE JAZZ,Osamu Kubota,0,4,8,8,0
7th style,Glorious Days,HIP HOP&SOUL,Noria,0,3,5,6,0
7th style,Happy Wedding,HOUSE,ASKA,0,6,7,8,0
7th style,Last Message,EUROBEAT,good-cool feat. Meg,0,5,8,9,0
7th style,Let the Snow Paint Me,AMBIENT POP,Sana,0,4,6,7,0
7th style,Love Me Do,NEW WAVE,AKIRA YAMAOKA,0,5,7,9,0
7th style,Spica,HOUSE,D.JW,0,4,9,11,0
7th style,stoic,TECHNO,TaQ,0,8,10,11,0
7th style,Tomorrow Perfume,TRANCE,dj TAKA,0,6,9,9,0
7th style,traces,TRANCE,TaQ,0,6,9,10,0
7th style,ZERO-ONE,ELECTROSHOCK,Mr.T,0,5,9,10,0
7th style,革命,ORCHESTRAL,dj TAKA with NAOKI,0,6,10,10,0
8th style,abstract,BIG BEAT,TaQ,0,6,9,9,0
8th style,airflow,INSTRUMENTAL,Mr.T,0,3,5,7,0
8th style,ALL RIGHT,DRUM'N'BASS,RAM,0,4,8,9,0
8th style,Attitude,TRANCE,Y&Co.,0,5,8,9,0
8th style,bit mania,テクノ歌謡,AKIRA YAMAOKA,0,4,5,8,0
8th style,Blame,EUROBEAT,good-cool feat. Jeff Coote,0,6,7,11,0
8th style,CELEBRATE NITE,EURO GROOVE,N.M.R,0,5,6,8,0
8th style,Colors -Y&Co. Eurobeat Remix-,EUROBEAT,dj TAKA (remixed by 横田商会),0,5,9,10,0
8th style,dual control,GARAGE HOUSE,Mr.T,0,5,7,9,0
8th style,Giudecca,PSYCHEDELIC TECHNO,D.J.SETUP,0,4,9,11,0
8th style,Halfway of promise,GIRL ROCK,Yu Takami feat. Shihori Nakane,0,4,8,11,0
8th style,HYPER BOUNDARY GATE,GOA TRANCE,L.E.D.LIGHT,0,6,8,9,0
8th style,LAB,RAVE,RAM,0,5,9,10,0
8th style,LOVE IS ORANGE,HARD CHANSON,Orange Lounge,0,4,6,8,0
8th style,memories,BEAT ROCK,TAKA,0,5,9,9,0
8th style,Monkey Dance,EUROBEAT,Y&Co.,0,4,7,9,0
8th style,murmur twins,CUDDLECORE,yu_tokiwa.djw,0,5,9,11,0
8th style,MUSIC TO YOUR HEAD,TECHNO,SLAKE,0,4,7,9,0
8th style,PLEASE DON'T GO,DISCO,ASLETICS,0,5,7,12,0
8th style,rainbow flyer,TRANCE,dj TAKA,0,5,9,11,0
8th style,STAR DREAM,TRANCE,PINK PONG,0,5,7,9,0
8th style,symbolic,TECHNO,TaQ,0,6,9,10,0
8th style,thunder,HOUSE,Lion MUSASHI,0,6,8,9,0
8th style,WAR GAME,HIP HOP,ASLETICS,0,4,8,10,0
8th style,World Wide Love,POPS,MTO,0,3,5,5,0
8th style,xenon,ELECTROSHOCK,Mr.T,0,5,9,11,0
8th style,桜,SPIRITUAL,Reven-G,0,7,10,12,0
8th style,蒼い衝動,J-TRANCE,NAOKI feat.YUKI,0,5,7,8,0
9th style,Abyss -The Heavens Remix-,TRANCE CORE,dj TAKA Remixed by Ryu☆,3,7,10,10,0
9th style,ACT,RAVE,RAM,0,6,9,9,0
9th style,ATOMIC AGE,ENSEMBLE,SHUNZZY,0,2,5,9,0
9th style,BAD BOY BASS!! (dj Remo-con MIX),NRG,Y&Co.,0,5,7,8,0
9th style,bag,SPIRITUAL,Reven-G,0,5,6,10,0
9th style,BRIGHTNESS DARKNESS,ROCOCO TEK,SPARKER,0,4,8,9,0
9th style,Cradle,HEALIN' HARDCORE,positive MA feat.akino,0,5,8,10,0
9th style,Distress,MIXTURE,dj TAKA Remixed by TaQ,0,7,10,0,0
9th style,e-motion 2003  -romantic extra-,TRANCE,e.o.s. Remixed by dj TAKA,0,6,8,10,0
9th style,Golden Horn,TURKISH PIANO'N'BASS,Osamu Kubota,0,4,8,9,0
9th style,HYPER EUROBEAT (2DX style),EUROBEAT,NAOKI feat.PAULA TERRY,0,5,8,10,0
9th style,I Was The One (80's EUROBEAT STYLE),EUROBEAT,good-cool Remixed by NAOKI,0,4,6,7,0
9th style,Karma,DRUM'N'BASS,TaQ,0,6,9,10,0
9th style,Let The Snow Paint Me -Y&Co. Remix-,TRANCE,Sana Remixed by Y&Co.,0,5,6,10,0
9th style,lights,SOUL,flare,0,3,6,8,0
9th style,LOVE SHINE,J-HAPPY HARDCORE,小坂りゆ,3,5,9,10,0
9th style,lower world,TECHNO,D.J.SETUP,0,6,9,10,0
9th style,Make A Difference,GOSPEL,Lala Moore with CoCoRo*Co,0,5,9,10,0
9th style,MARIA (I believe... ),EUROBEAT,NAOKI feat.PAULA TERRY,0,4,8,9,0
9th style,moon_child,POST ROCK,少年ラジオ,0,5,10,12,0
9th style,one or eight,HARDCORE RAVE,sampling masters AYA,0,7,10,12,0
9th style,quasar,TRANCE,OutPhase,0,6,9,11,0
9th style,Quickening,PSYCHEDELIC,dj TAKA,0,5,9,10,0
9th style,Really Love,R&B,大部真由美,0,4,6,10,0
9th style,RISLIM -Remix-,ELECTRO 2 STEP,ric Remixed by Hisashi Nawata,0,4,6,11,0
9th style,rottel-the-Mercury,GABBA,sampling masters MEGA,0,6,9,10,0
9th style,Silvia Drive,HAPPY HANDBAG,dj TAKA feat.Noria,0,4,8,9,0
9th style,SNOW,DRUM'N'BASS,RAM,0,5,7,10,0
9th style,STAR FIELD,TRANCE,SADA,0,4,8,9,0
9th style,Sweet Sweet Magic,HAPPY HARDCORE,jun,0,5,8,10,0
9th style,SWEETEST SAVAGE,HIP HOP,ASLETICS,0,4,7,11,0
9th style,ライオン好き,ボデー,AKIRA YAMAOKA,0,4,5,7,0
9th style,真夏の花・真夏の夢,HOUSE,Sana,0,4,6,9,0
10th style,1st Samurai,お江戸テクノ,sampling masters MEGA,0,5,10,11,0
10th style,ALIEN TEMPLE,PSYCHEDELIC TRANCE,PINK PONG,0,5,7,8,0
10th style,ASTRAL VOYAGE,DREAM TECHNO,EeL,0,5,6,9,0
10th style,BABY LOVE,ITALO POP,Noria,0,6,7,10,0
10th style,Back Into The Light,2STEP POP TRANCE,Sota Fujimori,0,6,7,10,0
10th style,Boundary,ROCOCO TEK,SPARKER,0,4,9,9,0
10th style,CARRY ON NIGHT (English version),EUROBEAT,platoniX (EURO style),0,5,7,9,0
10th style,Daisuke,EUROBEAT,Y&Co.,2,6,8,10,0
10th style,Debtty Daddy,ETHNO HARDCORE,sampling masters AYA,0,5,9,11,0
10th style,desolation,PIANO BALLADE,Mr.T,0,2,4,5,0
10th style,DoLL,HYPER J-POP FOUR,ＴЁЯＲＡ,2,5,6,7,0
10th style,EXE,ELECTROSHOCK,Mr.T,0,4,8,10,0
10th style,Feedback,BREAK BEATS,Audio Highs,0,5,8,10,0
10th style,FEEL IT,DRUM'N'BASS,RAM,0,5,9,10,0
10th style,Freezing atmosphere,NATURAL SOUND,Twin AmadeuS,0,4,6,9,0
10th style,GHOST REVIVAL,GOA TRANCE,L.E.D.,0,5,9,10,0
10th style,GRADIUS -FULL SPEED-,GAME MUSIC,Mr.T,0,4,8,10,0
10th style,HIGH,RAVE,RAM,0,5,9,9,0
10th style,Innocent Walls,TECHNO,TaQ,0,8,12,12,0
10th style,Love Is Eternity,TRANCE,kors k,0,6,9,11,0
10th style,Lucy,DANCE POP,ELE BLOCK,0,4,9,11,0
10th style,Narcissus At Oasis,ARTCORE,Ryu☆,0,4,10,10,0
10th style,No.13,PROGRESSIVE BAROQUE,TAKA respect for J.S.B.,0,8,10,11,0
10th style,One More Lovely,HAPPY,Risk Junk,0,5,9,12,0
10th style,pandora,TRANCE,dj TAKA feat.Tomomi,0,5,8,9,0
10th style,rainbow rainbow,HAPPY HARDCORE,Ryu☆,0,7,10,11,0
10th style,Rise'n Beauty,TRANCE,Sota feat. Cyborg Akemi,0,6,9,10,0
10th style,SHOOTING STAR,J-POP,小坂りゆ,0,7,8,9,0
10th style,SPACE FIGHT,戦艦テクノ,AKIRA YAMAOKA,0,3,8,11,0
10th style,システムロマンス,ムートラ(ムードトランス),ヒロシ＆チー子,0,4,7,8,0
10th style,雪月花,HARD HOUSE,Ryu☆,0,6,10,12,0
IIDX RED,AA,RENAISSANCE,D.J.Amuro,0,5,10,12,0
IIDX RED,AGEHA,HAPPY HARDCORE,Ryu☆,3,5,8,9,0
IIDX RED,ANDROMEDA,PSYCHEDELIC GOA TRANCE,Sota Fujimori,0,5,8,11,0
IIDX RED,awakening,TRANCE,AKIRA YAMAOKA,0,5,7,10,0
IIDX RED,Be quiet,HARD DANCE,Ryu☆,0,5,9,11,0
IIDX RED,BLOCKS,TRANCE,SPARKER,0,5,7,11,0
IIDX RED,BREATH,ROCOCO TEK,SPARKER,0,6,7,10,0
IIDX RED,Click Again,CLICK HOUSE,dj REMO-CON,0,5,6,11,0
IIDX RED,Close my Eyes for Me,AMERICA,D-crew feat.DENNIS GUNN(DJ Yoshitaka SCRATCHING),0,5,8,9,0
IIDX RED,D.A.N.C.E.!,J-POP,DJ Yoshitaka feat.星野奏子,0,3,5,10,0
IIDX RED,Don't be afraid myself,J-POP,platoniX with ray.D,0,5,9,10,0
IIDX RED,earth scape,PIANO BALLAD,dj TAKA,0,2,5,7,0
IIDX RED,FAKE TIME,HARD ROCK,dj REMO-CON,0,5,11,12,0
IIDX RED,Fly Away To India,DANCE POP,Baby Weapon feat.KAJIL,0,3,6,7,0
IIDX RED,GENOCIDE,DRUM'N'BASS,dj Killer,0,6,10,11,0
IIDX RED,gigadelic,NUSTYLE GABBA,teranoid feat.MC Natsack,3,9,12,12,0
IIDX RED,HORIZON,HAPPY HARDCORE,LIA,0,5,7,8,0
IIDX RED,KEY,BEAT ROCK,colors,0,6,8,11,0
IIDX RED,NEBULA GRASPER,PSYCHEDELIC TRANCE,L.E.D.,0,6,9,10,0
IIDX RED,Raspberry Heart(English version),COLORFUL HARDCORE,jun feat. PAULA TERRY,0,5,8,9,0
IIDX RED,RED ZONE,SPEED RAVE,Tatsh&NAOKI,1,5,9,11,12
IIDX RED,RESONATE 1794,HARD SONATA,KOHTA,0,5,10,11,0
IIDX RED,Secret of Love,DRUM'N'BASS,D.J.SWAN,0,5,7,11,0
IIDX RED,SPEEDY CAT,EUROBEAT,Y&Co.,0,5,8,9,0
IIDX RED,Sphere,MEDIEVAL CHOIR,Tatsh feat. K.Nayuki,0,5,9,10,0
IIDX RED,spiral galaxy,PSYCHEDELIC TECHNO,D.J.SETUP,0,5,9,11,12
IIDX RED,The Hope of Tomorrow,CYBORG TRANCE,Sota Fujimori,0,5,8,10,0
IIDX RED,Wonder Bullfighter,NATURAL SOUND,Twin AmadeuS,0,5,7,11,0
IIDX RED,ピアノ協奏曲第１番”蠍火”,DIRGE,virkato,0,5,11,12,0
IIDX RED,大桟橋,JAPAN,ウッチーズ,0,3,6,9,0
IIDX RED,太陽～T・A・I・Y・O～,CYBER J-EURO,NAOKI feat.星野奏子,0,4,8,9,0
IIDX RED,ＵＬＴｉＭΛＴＥ,HYPER J-POP FIVE,ＴЁЯＲＡ,0,5,7,9,0
HAPPY SKY,100％ minimoo-G,SYNTHETIC PROGRESSIVE ROCK,Sota Fujimori,0,5,10,11,0
HAPPY SKY,Agnus Dei,GOTHIC METAL,あさき,0,5,9,10,0
HAPPY SKY,alla turca con passione,NATURAL SOUND,Twin AmadeuS,0,5,8,10,0
HAPPY SKY,Aurora,TRANCE CORE,Ryu☆,0,7,10,11,0
HAPPY SKY,CaptivAte～浄化～,NOSTALISH REQUIEM,A/I,0,5,9,11,0
HAPPY SKY,Catch Me,ACID JAZZ,DJ Yoshitaka feat. ERi,0,5,8,10,0
HAPPY SKY,double thrash,BATTLE2005,414,0,6,10,10,0
HAPPY SKY,EDEN,HYPER J-POP SIX,ＴЁЯＲＡ,0,6,9,10,0
HAPPY SKY,EMPTY OF THE SKY,E-ROCK,AKIRA YAMAOKA,0,3,5,8,0
HAPPY SKY,First Resolution,TECHNO RAVE,good-cool,0,5,7,9,0
HAPPY SKY,garden,SWING WALTZ,青野りえ,0,4,7,10,0
HAPPY SKY,Get'em up to R.A.V.E,RAVE,Disconation,0,5,8,10,0
HAPPY SKY,GREEN EYES,BROKEN TEK,SLAKE,0,6,8,10,0
HAPPY SKY,HAPPY☆ANGEL,HAPPY HARDCORE,jun with TAHIRIH,3,5,7,10,0
HAPPY SKY,I am,CYBER J-ROCK,有沢みはる from BeForU,0,5,8,10,0
HAPPY SKY,in motion,CLICK HOUSE,Ryu☆,0,5,6,7,0
HAPPY SKY,INAZUMA,TRANCE,dj TAKA,0,5,9,11,0
HAPPY SKY,LESSON 5,HAPPY EXTREME,Risk Junk feat.Erika Mochizuki,0,5,8,9,0
HAPPY SKY,Little Little Princess,PUNK OPERA,SHRINE 418,0,5,10,11,12
HAPPY SKY,Love Magic,DRUM'N'BASS,D.J.SWAN,0,5,8,10,0
HAPPY SKY,MOON RACE,FUTURE HOUSE,ELEKTEL,0,5,7,9,0
HAPPY SKY,Pink Rose,HEART,Kiyommy+Seiya,0,3,5,8,0
HAPPY SKY,PLASMA,SYNTHESIZED TECHNO,Sota Fujimori,0,4,8,9,0
HAPPY SKY,Pollinosis,HARD DANCE,dj REMO-CON,0,4,6,11,0
HAPPY SKY,POODLE,EUROBEAT,Y&Co.,0,5,8,10,11
HAPPY SKY,rage against usual,DIGI-ROCK,dj TAKA feat.Gt.Shintaro,0,7,10,12,0
HAPPY SKY,SCREAM SQUAD,BREAKCORE,CALF,0,7,10,12,0
HAPPY SKY,Scripted Connection⇒ A mix,TECHNO,DJ MURASAME,0,7,10,12,0
HAPPY SKY,Scripted Connection⇒ H mix,TECHNO,DJ MURASAME,0,7,10,11,0
HAPPY SKY,Scripted Connection⇒ N mix,TECHNO,DJ MURASAME,0,6,8,10,0
HAPPY SKY,SigSig,MAKINA,kors k,3,5,7,10,0
HAPPY SKY,Tizona d'El Cid,MPB,TOMOSUKE,0,5,9,10,0
HAPPY SKY,Twelfth Style,HAPPY EURO PARADISE,Tatsh&DAYBREAKERS NEXT,0,6,7,10,12
HAPPY SKY,Under the Sky,J-EUROTRANCE,南さやか(BeForU) with platoniX,0,5,7,9,0
HAPPY SKY,vault of heaven,ELECTROSHOCK,Mr.T,0,4,8,10,0
HAPPY SKY,Votum stellarum,ANTHEM TRANCE,iconoclasm,0,4,9,10,0
HAPPY SKY,We are Disっ娘よっつ打ち命,DISCO,DANCE☆MAN feat. Disっ娘,0,3,5,9,0
HAPPY SKY,Xepher,MEDIEVAL CHOIR,Tatsh,3,5,10,11,0
HAPPY SKY,オレはビートマニア！お前は何マニア？,FUNK,DANCE☆MAN,0,7,8,10,0
HAPPY SKY,ヒマワリ,J-HAPPY HARDCORE,小坂りゆ,0,3,9,10,0
HAPPY SKY,ラクエン,REGGAE,Chonan Chiharu,0,4,6,11,0
HAPPY SKY,冥,HUMAN SEQUENCER,Amuro vs Killer,3,5,10,12,0
HAPPY SKY,合体せよ！ストロングイェーガー！！ (Ryu☆ remix),HARD DANCE,L.E.D./Remixed by Ryu☆,0,5,8,11,0
HAPPY SKY,月光,J-EUROBEAT,Tatsh feat. 星野奏子,0,5,8,10,0
DistorteD,ALFARSHEAR 双神威に廻る夢,HYPER J-POP SEVEN,ＴЁЯＲＡ,2,5,7,10,0
DistorteD,Apocalypse ～dirge of swans～,ORATORIO,Zektbach,1,5,9,10,0
DistorteD,BALLAD THE FEATHERS,CELTIC REEL,S.S.D.FANTASICA feat.Naomi Koizumi,0,4,6,8,0
DistorteD,Bloody Tears(IIDX EDITION),HARD RENAISSANCE,DJ YOSHITAKA,0,5,9,10,0
DistorteD,BOOM BOOM DISCO NIGHT,EUROBEAT,Y&Co.,0,5,8,10,0
DistorteD,Broadbanded,TRANCE,SADA,0,5,8,11,0
DistorteD,Concertino in Blue,PROGRESSIVE,佐々木博史,2,5,10,12,0
DistorteD,CONTRACT,SUBLIME TECHNO,朱雀,0,9,10,11,12
DistorteD,D.C.fish,TECHNO,DJ MURASAME,0,5,9,11,0
DistorteD,Double Loving Heart,J-POP,Tatsh feat. Junko Hirata & Sayaka Minami,0,3,6,9,0
DistorteD,DUE TOMORROW,TECHNO,Mr.T,0,6,9,12,0
DistorteD,EURO-ROMANCE,80's TECHNO,K-MASERA,0,5,8,10,0
DistorteD,Ganymede,ESOTERIC SLOWCORE,玄武,0,6,10,11,0
DistorteD,Harmony and Lovely,PROGRESSIVE HOUSE,Ryu☆,0,4,8,11,0
DistorteD,Heavenly Sun (IIDX VERSION),TRANCE,AKIRA YAMAOKA,0,4,7,10,0
DistorteD,INFERNO,BRAZILIAN HOUSE,Caldeira feat.星野奏子,0,5,7,9,0
DistorteD,Leaving...,SYMPHONIC EURO,SEIYA MURAI meets “eimy”,0,4,8,10,0
DistorteD,Melody Life,NEW ACOUSTIC,Noria,0,4,6,9,0
DistorteD,MINT,ELECTRONICA,SLAKE,0,6,10,11,0
DistorteD,MOON,哀愁ユーロ,dj TAKA feat.Erika Mochizuki,0,5,9,10,0
DistorteD,Power of Love,2 STEP,kors k feat.PSY,0,5,7,10,0
DistorteD,So Fabulous !!,BUCHIAGE TRANCE,HHH (Ryu☆ & Dai),0,5,8,10,0
DistorteD,Sun Field,HAPPY POP,mh sequence,0,3,8,11,0
DistorteD,The Dirty of Loudness,SADISTIC HARDCORE,Tatsh Assault X,0,7,10,11,0
DistorteD,This is Love,CORE POP,D-crew feat.MAKOTO,0,4,8,10,0
DistorteD,tripping contact(teranoid&MC Natsack Remix),GABBA,kors k vs teranoid,0,6,10,11,0
DistorteD,TYPE MARS(G-Style Mix),PSYCHEDELIC TRANCE,L.E.D.,0,5,9,11,0
DistorteD,waxing and wanding,DANCE SPEED,青龍,0,7,10,11,12
DistorteD,Why did you go away,LOVERS EUROBEAT,jun with TAHIRIH,3,5,8,10,0
DistorteD,WISH(EUROBEAT MIX),EUROBEAT,DJ YOSHITAKA feat.杉村ことみ,0,5,8,9,0
DistorteD,with you…,FUNK'N JAZZ HOUSE,Sota Fujimori,0,4,6,9,0
DistorteD,Zenius -I- vanisher,CYBER OPUS,Tatsh,0,5,7,10,0
DistorteD,カゴノトリ～弐式～,和式電子音楽,橙色特別室,0,6,9,12,0
DistorteD,タシカナモノ,POPROCK,星野奏子 with the BAND,0,5,7,9,0
DistorteD,嘆きの樹,CONTEMPORARY,金獅子,0,8,11,12,0
DistorteD,罠,DRUM'N'ROCK,good-cool,0,3,8,10,0
DistorteD,華蝶風雪,ASIAN MIXTURE,白虎,0,6,10,11,0
DistorteD,虹色,LOVELY TRANS POP,DJ YOSHITAKA feat. G.S.C license,0,5,8,9,0
GOLD,Air Bell,FLOW POP,D-crew,0,5,6,8,0
GOLD,ANDROMEDA II,PSYCHEDELIC SYNTH TRANCE,Sota Fujimori,0,5,9,10,0
GOLD,Blind Justice ～Torn souls， Hurt Faiths ～,EPIC POETRY,Zektbach,0,6,8,11,0
GOLD,Candy Galy,HAPPY,Risk Junk-G,0,7,10,12,0
GOLD,CaptivAte～裁き～,NOSTALISH REQUIEM,DJ YOSHITAKA feat.A/I,3,6,8,9,0
GOLD,CaptivAte～誓い～,NOSTALISH REQUIEM,A/I,0,6,9,10,0
GOLD,CROSSROAD ～Left Story～,DRAMATIC EURO TRANCE,jun with TAHIRIH,0,5,8,10,0
GOLD,Cyber Force,CYBORG TRANCE,Sota Fujimori feat.cyborg AKEMI,0,5,9,10,0
GOLD,Fascination MAXX,SuperNOVA BEAT,100-200-400,0,9,11,12,0
GOLD,FIRE FIRE,BUCHIAGE TRANCE,StripE,3,7,10,12,0
GOLD,four-leaf,ROCK,Sis Bond Chit,0,4,6,8,0
GOLD,GOLD RUSH,RECKLESS RAVE,DJ YOSHITAKA-G feat.Michael a la mode,3,7,9,11,0
GOLD,GRID KNIGHT,ELECTRONICA,SAW WAVE SQUAD,0,6,8,10,12
GOLD,heaven above,FILTER HOUSE,kors k,0,5,7,9,0
GOLD,High School Love,HIGH SPEED LOVE SONG,DJ YOSHITAKA feat.DWP,2,4,6,9,0
GOLD,INORI,MILLENNIUM TRANCE,dj TAKA feat.HAL,0,6,10,11,0
GOLD,KAMAITACHI,FREEFORM HARDCORE,DJ TECHNORCH fw. GUHROOVY,0,6,9,11,12
GOLD,LASER CRUSTER,NU-SKOOL BREAKS,L.E.D.,0,7,11,12,0
GOLD,Love Again...,POPS,Tatsh feat. Junko Hirata,0,3,4,5,0
GOLD,Make Me Your Own,HOUSE,good-cool ft. Raj Ramayya,0,5,9,10,0
GOLD,METALLIC MIND,OLDSKOOL HARDCORE RAVE,DJ TECHNORCH fw. GUHROOVY,0,4,8,9,0
GOLD,never…,DANCE POP,Kanako Hoshino with dj TAKA,0,4,7,8,0
GOLD,op.31 叙情,PIANO CONCERTO,akiko,0,4,9,10,0
GOLD,PHOTONGENIC,DRUM & BASS,L.E.D. fw.堀澤麻衣子,0,7,10,10,0
GOLD,Roulette,EUROBEAT,Y&Co.,0,5,8,10,0
GOLD,Second Heaven,HANDZ UP,Ryu☆,1,5,8,11,0
GOLD,Sense 2007,RAVE,good-cool,0,9,11,12,0
GOLD,smile,ELE POP,miru_maki.gjw,0,7,9,11,0
GOLD,snow storm,TRANCE,dj TAKA,1,4,9,10,12
GOLD,the shadow,SCHRANZ,kors k,0,6,9,11,0
GOLD,The Smile of You,POP,猫叉Master feat.JESSY,0,4,7,8,0
GOLD,TRANOID,PSG WORKS,T&S seq. factory,0,5,10,11,0
GOLD,VANESSA,DECEPTIVE GABBA,朱雀,0,8,11,12,12
GOLD,Watch out!!,HIP HOP,MAD Sequence*,0,4,6,9,0
GOLD,With your Smile,J-HOUSE,Shoichiro Hirata plus Junko Hirata,0,4,6,8,0
GOLD,クルクル☆ラブ～Opioid Peptide MIX～,FUTURE POP,イオンチャンネル,2,5,8,10,0
GOLD,ヨシダさん,TECHNO,AKIRA YAMAOKA,0,5,7,9,0
GOLD,リグレット,EURO TRANCE,星野奏子,0,6,8,10,0
GOLD,星をこの手に,J-POP,DJ YOSHITAKA feat.星野奏子,0,7,9,10,0
GOLD,花吹雪 ～ IIDX LIMITED ～,JAPANESE ALTERATION,S.S.D.FANTASICA feat.ユッコ,0,4,6,8,0
GOLD,零 - ZERO -,HYPER J-POP ZERO,ＴЁЯＲＡ,1,6,8,9,0
GOLD,電人、暁に斃れる。,NU-NRG,L.E.D.-G,3,7,10,12,0
DJ TROOPERS,2 tribe 4 K,TRIBAL,Remo-con,0,5,7,11,0
DJ TROOPERS,"Anisakis -somatic mutation type""Forza""-",HARD RENAISSANCE,朱雀,0,6,10,11,0
DJ TROOPERS,avant-guerre,CLASSICAL PIANO SOLO,Osamu Kubota,0,4,7,10,0
DJ TROOPERS,Be OK,EUROBEAT,good-cool ft. Florence,0,5,8,10,11
DJ TROOPERS,beatonic nation,TECH-TRONIKA,Sota Fujimori,0,5,8,9,0
DJ TROOPERS,Blue Rain,TRANCE,dj TAKA VS Ryu☆,2,6,8,11,12
DJ TROOPERS,Darling my LUV,J-R&B,DJ Yoshitaka feat.B-Agents,0,4,6,8,0
DJ TROOPERS,Dazzlin' Darlin,HANDZ UP,HHH,2,4,7,10,0
DJ TROOPERS,Digitank System,TECH-BREAKBEATS,DJ Mass MAD Izm*,0,6,9,11,0
DJ TROOPERS,Do it!! Do it!!,N-BEATS,Kraken,0,8,10,11,0
DJ TROOPERS,end of world,FRENZY HOUSE,猫叉Master+,0,6,9,10,0
DJ TROOPERS,evergreen,PROG,kors k,0,5,7,10,0
DJ TROOPERS,four pieces of heaven,JUNGLE,Lion,0,5,10,11,0
DJ TROOPERS,Freeway Shuffle,TRANCE,dj TAKA,2,4,7,10,0
DJ TROOPERS,ICARUS,NU-SKOOL BREAKBEATS HARDCORE,Eagle,0,7,10,12,12
DJ TROOPERS,in the Sky,HAPPY HARDCORE,Ryu☆,0,7,9,11,0
DJ TROOPERS,Kick Out 仮面,E-DANCE POP,上野圭市(aka. Babyweapon，DJ SWAMI)feat.星野奏子,0,5,7,9,0
DJ TROOPERS,LOVELY STORM,HAPPY HARDCORE,L.E.D.-G,0,6,9,10,0
DJ TROOPERS,madrugada,PROGRESSIVE HOUSE,PINK PONG,0,4,7,10,0
DJ TROOPERS,MAX LOVE,LOVELY BUCHIAGE POP,DJ YOSHITAKA feat.星野奏子,0,5,8,10,0
DJ TROOPERS,MENDES,IRREGULAR HI-BREAK,Humanoid,0,6,11,12,0
DJ TROOPERS,MENTAL MELTDOWN,HARD HOP,GUHROOVY fw.TECHNORCH,0,6,10,11,0
DJ TROOPERS,NEW GENERATION -もう、お前しか見えない-,ONLY ONE EURO BEAT,SUPER STAR 満-MITSURU-,0,5,9,10,0
DJ TROOPERS,oratio,HYMNUS,蓑舞衆,0,7,10,12,0
DJ TROOPERS,PARANOiA ～HADES～,SUPERNOVA2 BEAT #1,αTYPE-300,0,7,11,12,0
DJ TROOPERS,PROMISE FOR LIFE,BALLAD,ＴЁЯＲＡ WORKS,0,3,7,8,0
DJ TROOPERS,REMINISCENCE,TRI EURO FANTASIA,jun with Alison,0,6,9,10,0
DJ TROOPERS,Ristaccia,OUVERTURE,Zektbach,0,6,9,12,0
DJ TROOPERS,"satellite020712 from ""CODED ARMS""",HARD HOUSE,猫叉Master,0,6,9,11,0
DJ TROOPERS,satfinal,RAVE,RAM,0,5,7,9,0
DJ TROOPERS,scar in the earth,WORLD/ELECTRONICA,猫叉Master,0,4,5,8,0
DJ TROOPERS,soldier's waltz,WALTZ BEAT,DAJI,0,5,9,10,0
DJ TROOPERS,SOUND OF GIALLARHORN,FREEFORM HARDCORE,L.E.D.-G,2,6,10,11,0
DJ TROOPERS,State Of The Art,TECHNOTRONICA,Sota Fujimori feat. cyborg AKEMI,0,5,8,11,0
DJ TROOPERS,STEEL NEEDLE,BREAK CORE,Scorpion,0,6,10,11,0
DJ TROOPERS,switch,ULTIMATE J-POP,DAISUKE ASAKURA ex.ＴЁЯＲＡ,0,5,9,11,0
DJ TROOPERS,THE DEEP STRIKER,NU STYLE GABBA,L.E.D.-G,2,6,10,11,12
DJ TROOPERS,the trigger of innocence,ETHNOTRONICA,Seiya Murai,0,5,7,9,0
DJ TROOPERS,Time to Air,DANCE SPEED,青龍,0,6,10,11,0
DJ TROOPERS,TRIP MACHINE PhoeniX,SUPERNOVA2 BEAT #2,DE-SIRE改,0,6,9,10,0
DJ TROOPERS,TROOPERS,ULTIMATE CORE,Des-TRACT,0,6,10,12,0
DJ TROOPERS,Ubertreffen,PROGRESSIVE BAROQUE,TAKA respect for J.S.B.,0,6,10,11,12
DJ TROOPERS,Wanna Party?,PIANO HOUSE,RAM,0,4,7,8,11
DJ TROOPERS,エコ爺,80's EURO,Y&Co.,2,4,6,9,0
DJ TROOPERS,マチ子の唄,EDUCATION,AKIRA YAMAOKA,0,4,6,8,0
DJ TROOPERS,ミラージュ・レジデンス,FUSION,Jimmy Weckl,0,5,9,10,0
DJ TROOPERS,少年A,POST RENAISSANCE,Remixed by 少年ラジオ,0,6,10,12,0
DJ TROOPERS,華爛漫 -Flowers-,HYPER JAPANESQUE 2,ＴЁЯＲＡ,2,6,8,10,0
DJ TROOPERS,走馬灯 -The Last Song-,SOLDIER'S BALLAD,TAKA,0,3,4,7,0
EMPRESS,3y3s,DANCE SPEED,青龍,3,7,10,12,0
EMPRESS,ALL I NEED YOUR LOVE,HARD CORE,GUHROOVY fw. M-Project,0,5,7,9,0
EMPRESS,ALL MY TURN -このターンに、オレの全てを賭ける-,ONLY ONE EURO BEAT,SUPER STAR 満-MITSURU-,0,6,9,11,0
EMPRESS,Arabian Rave Night,ARABIC HARDCORE,dj MAX STEROID,0,6,10,11,0
EMPRESS,B4U(BEMANI FOR YOU MIX),RECKLESS RAVE,Remixed by DJ YOSHITAKA with Michael a la mode,0,6,9,11,12
EMPRESS,Bahram Attack-猫叉Master Remix-,HOUSE,猫叉Master feat.JUNE,0,4,9,10,0
EMPRESS,BITTER CHOCOLATE STRIKER,JUMPSTYLE,L.E.D.-G,0,5,10,12,0
EMPRESS,BRIDAL FESTIVAL !!!,HAPPY ☆ JIG,S.S.D. with ななっち,0,4,7,9,0
EMPRESS,CaptivAte2～覚醒～,NOSTALISH REQUIEM,e-lma,1,6,9,11,0
EMPRESS,Colorful Cookie,HAPPY HARDCORE,Lucky Vacuum,3,5,10,12,0
EMPRESS,Cyber Force -DJ Yoshitaka Remix- ,BUCHIAGE TRANCE,Remixed by DJ YOSHITAKA,0,5,9,10,0
EMPRESS,Flash Back 90's,MEGA MIX,kors k as disconation,0,4,8,10,0
EMPRESS,Fly Above,DREAM TRANCE,Sota Fujimori,0,5,6,8,0
EMPRESS,Go Beyond!!,TRANCE CORE,Ryu☆ Vs. Sota,3,6,10,12,0
EMPRESS,HYPERION,MORNING FULL ON,L.E.D.,0,6,9,11,0
EMPRESS,I'm Screaming LOVE,TECHNO POP,Creative Life,0,4,6,7,0
EMPRESS,Jack,MIXTURE,DesQ,0,5,7,10,0
EMPRESS,Just a Little Smile,NU SKOOL BREAKS,Sota Fujimori,0,4,8,11,0
EMPRESS,Kung-fu Empire,ASIAN JANGLE,飛燕流舞,0,6,10,11,12
EMPRESS,Mind Mapping,ELECTRO-TECH,Ryu☆,3,4,7,9,0
EMPRESS,Monkey Dance '09,EUROBEAT,Y&Co. Feat. DOMINO,0,4,8,10,0
EMPRESS,naughty girl@Queen's Palace,TECH-BREAKBEATS,DJ Mass MAD Izm*,0,5,9,11,11
EMPRESS,neogenesis,ENERGETIC TRANCE,DM Ashura,0,4,6,9,0
EMPRESS,NΦ CRIME,DANCE MUSIC OF SORROW,C×F,2,4,7,9,0
EMPRESS,Programmed World,PSY TRANCE(FULL ON),kors k as StripE,0,5,9,11,0
EMPRESS,Punch Love 仮面,E-DANCE POP,上野圭市(aka. Babyweapon，DJ SWAMI)feat.星野奏子,0,5,8,10,0
EMPRESS,Queen's Tragedy,BIGBEAT,猫叉Master+,0,4,8,10,0
EMPRESS,Secrets,TECH-PARA,good-cool ft. CHiCO,0,6,9,11,0
EMPRESS,smooooch・∀・,CANDY RAVE,kors k,2,4,8,10,0
EMPRESS,SOLITON BEAM,TECHNO,L.E.D.,0,6,9,10,0
EMPRESS,THANK YOU FOR PLAYING,ONLY ONE EPILOGUE,SUPER STAR 満-MITSURU-,0,5,9,10,12
EMPRESS,Turii ～Panta rhei～,ELEMENTAL CHANT,Zektbach,2,4,9,10,0
EMPRESS,V2,PROGRESSIVE,TAKA,3,6,10,11,0
EMPRESS,Y&Co. is dead or alive,90's RAVE,Y&Co.,0,5,9,12,0
EMPRESS,"You'll say ""Now!""",ONLY ONE TECHNO,BLACK STAR 幸広-YUKIHIRO-,0,6,10,11,0
EMPRESS,まほろば,J-DANCE POP,HHH+H,0,5,7,9,0
EMPRESS,ハリツヤランデヴー,HOU-ROCK,Des-MASTERS,0,5,8,10,0
EMPRESS,ミッドナイト堕天使,TRENDY TECHNO,Dr.Honda,0,5,7,11,0
EMPRESS,不沈艦CANDY,HARDCORE,Risk Junk,3,6,9,12,0
EMPRESS,凛として咲く花の如く,撫子ロック,紅色リトマス,2,6,9,10,11
EMPRESS,卑弥呼,ESOTERIC SPEEDCORE,朱雀 VS 玄武,0,6,11,12,0
EMPRESS,天空脳番長危機十六連打,RAGE AGAINST EMPRESS,D.J.SETUP,0,5,10,11,0
EMPRESS,山岡晃の「クイズ！家事都合！」,ポップス,AKIRA YAMAOKA feat.喜屋武ちあき,0,4,7,10,0
EMPRESS,翼,J-TRANCE,小林ゆう,0,4,7,9,0
EMPRESS,鉄甲乙女-under the steel-,IRON CONCERTO,Seiya Murai,0,4,7,10,0
SIRIUS,AIR RAID FROM THA UNDAGROUND,SPEEDCORE,GUHROOVY,3,7,9,11,12
SIRIUS,Almagest,AKASHIC RECORDS,Galdeira,0,7,11,12,0
SIRIUS,Bad Maniacs,INDUSTRIAL,kors k as teranoid,0,7,10,12,0
SIRIUS,bass 2 bass,BUBBLEGUM DANCE,Ryu☆,1,4,7,10,0
SIRIUS,beatchic☆仮面～好き、でいさせて～,E-DANCE POP,上野圭市(transforming into Masao Lovely)feat.星野奏子,0,5,8,9,0
SIRIUS,BEAUTIFUL ANGEL,DRUM'N'BASS,DJ SWAN,0,4,8,10,0
SIRIUS,being torn the sky,ELECTRO POP,猫叉Master+ feat.JUNE,0,4,7,10,0
SIRIUS,bloomin' feeling,HAPPY HARDCORE,Ryu☆,2,7,9,11,0
SIRIUS,CaptivAte～裁き～(SUBLIME TECHNO MIX),SUBLIME TECHNO,Remixed by DJ YOSHITAKA,0,6,8,10,0
SIRIUS,D,NEXT SKOOL BREAKBEATS HARDCORE,Eagle,0,8,10,11,0
SIRIUS,DAWN -THE NEXT ENDEAVOUR-,DRUM & BASS,L.E.D. fw.堀澤麻衣子,0,7,9,11,0
SIRIUS,Dazzlin' Darlin-秋葉工房mix-,EUROBEAT,Remixed by DJ Command,0,4,8,10,0
SIRIUS,DESIRE,UK HARDCORE,M-Project fw. GUHROOVY,0,5,9,11,0
SIRIUS,DOMINION,HARDCORE,L.E.D.-G,0,7,10,12,0
SIRIUS,DROP,WHITE SEQUENCE,dj TAKA feat.Kanako Hoshino,0,4,9,11,0
SIRIUS,Elisha,TRANCE CORE,DJ YOSHITAKA,2,6,10,11,0
SIRIUS,Empire State Glory,CYBERPUNK,Dirty Androids,0,6,9,11,0
SIRIUS,eRAseRmOToRpHAntOM,HARDCORE,L.E.D.-G VS GUHROOVY,0,7,10,12,0
SIRIUS,Evans,HARD RENAISSANCE,DJ YOSHITAKA,3,6,11,12,0
SIRIUS,EXUSIA,HARDCORE,L.E.D.-G,0,6,10,12,0
SIRIUS,G59,EXPERIMENTAL MUSIC,怒れる金の獅子,0,7,10,12,0
SIRIUS,GALGALIM,HARDCORE TECHNO,L.E.D.,0,6,10,11,0
SIRIUS,GOLDEN CROSS,TECHNO,dj REMO-CON VS dj TAKA,0,5,9,12,0
SIRIUS,Hydrogen Blueback,TECH DANCE,MAD CHILD,0,5,8,10,0
SIRIUS,IN THE NAME OF LOVE,EUROBEAT,Y&Co.feat.Erica,3,4,7,9,0
SIRIUS,Keep it-秋葉工房mix-,EUROBEAT,DJ Command feat. NAGISA,0,5,9,10,0
SIRIUS,Last Burning,ELECTRO,Dirty Androids,0,5,7,10,0
SIRIUS,Light Shine,BUBBLEGUM DANCE,Ryu☆,0,5,7,10,0
SIRIUS,MIRACLE MEETS,BUCHIAGE TRANCE,Lucky Vacuum,0,6,9,11,0
SIRIUS,mosaic,TECHNO POP SPEED,Auridy,0,7,10,12,0
SIRIUS,NEW SENSATION -もう、あなたしか見えない-,ONLY ONE IDOL SONG,SUPER HEROINE 彩香-AYAKA-,0,6,10,11,0
SIRIUS,NoN-Fiction Story!,TECHNO POP,Creative Life,0,4,7,10,0
SIRIUS,Programmed Sun,PSY TRANCE(MORNING),kors k,0,6,9,11,0
SIRIUS,quell～the seventh slave～,TRANCE,dj TAKA Vs. DJ YOSHITAKA,0,4,9,12,0
SIRIUS,Raison d'etre～交差する宿命～,ASTRAL CHOIR,Zektbach,0,5,10,11,0
SIRIUS,Red. by Full Metal Jacket,TECH-BREAKBEATS,DJ Mass MAD Izm*,0,6,10,12,0
SIRIUS,Roots of my way!,ACTRESS,ナイア,0,4,7,9,0
SIRIUS,Session 1 -Genesis-,ELECTRIC FUSION,PRASTIK DANCEFLOOR,0,6,9,11,0
SIRIUS,She is my wife,ONLY ONE BALLAD,SUPER STAR 満-MITSURU-,3,5,9,10,0
SIRIUS,SOLID STATE SQUAD,HARDSTYLE,kors k Vs. L.E.D.,0,5,10,12,12
SIRIUS,Sorrows,EMO,Asako Yoshihiro,0,5,8,10,0
SIRIUS,Special One,J-HOUSE,kors k feat. Suzuyo Miyamoto,0,5,7,9,0
SIRIUS,THE LAST STRIKER,DRUM & BASS,L.E.D.,0,6,8,11,0
SIRIUS,The Story Begins,EPIC TRANCE,SADA & Sota,0,4,8,10,0
SIRIUS,かずあそび,INSANIO,CULTVOICE by S.S.D.PRODUCTS,0,3,6,8,0
SIRIUS,たからもの,POPS,セリカ＆エリカ,0,6,8,9,0
SIRIUS,コスモス,J-POP,TSU-NA,0,5,8,9,0
SIRIUS,サヨナラ・ヘヴン,WORLD/ELECTRONICA,猫叉Master,2,4,6,8,0
SIRIUS,バビロニア,DISTORTED NEW AGE,劇団レコード,0,4,7,8,0
SIRIUS,ワルツ第17番 ト短調”大犬のワルツ”,VALSE,virkato,0,6,10,12,0
SIRIUS,未来のプリズム,STARPOP,星野奏子,0,4,7,9,0
SIRIUS,"水上の提督(Short mix from ""幻想水滸伝V"")",WORLD/ELECTRONICA,猫叉Master,0,4,8,10,0
Resort Anthem,Aegis,TECHNO,IT medalion,0,6,8,11,0
Resort Anthem,ALBIDA,HARD RENAISSANCE,DJ YOSHITAKA,3,6,10,12,0
Resort Anthem,Answer,STARPOP,星野奏子,0,4,7,10,0
Resort Anthem,ANTHEM LANDING,LATIN TEK,DJムラサメ,0,5,9,11,0
Resort Anthem,Believe In Me,HARDCORE,Uraken feat. Calyn Tsukishima,0,5,9,11,0
Resort Anthem,BLUST OF WIND,CROSSOVER HOUSE,Anemo=Aspel by MLREC.,0,5,8,10,0
Resort Anthem,Bounce Bounce Bounce,DANCEHALL,kors k feat.Kanata Okajima＆楽天斎,0,5,9,11,0
Resort Anthem,Breaking the ground,HARDCORE,Art of Fighters,0,5,8,10,0
Resort Anthem,Broken,TRANCE,dj TAKA feat.AiMEE,0,5,9,12,0
Resort Anthem,BROKEN EDEN,SYMPHONIC-TEK,MYTHOLOGIA by MLREC.,0,6,9,11,0
Resort Anthem,Dances with Snow Fairies,トレンディートランス,Dr.Honda,0,7,10,12,0
Resort Anthem,DAYDREAMER,GIRLY ROCK,ピンクターボ,0,6,8,10,0
Resort Anthem,Destiny Sword,ELECTRIC STEP,CAPACITY GATE,0,5,9,11,0
Resort Anthem,DM STAR～関西 energy style～,SPEED RAVE,NAOKI,0,6,9,10,0
Resort Anthem,ELECTRIC MASSIVE DIVER,GABBA,L.E.D.-G,0,6,10,12,0
Resort Anthem,Energy Drive,HARDCORE,kevin energy,0,6,8,11,0
Resort Anthem,Eternal Tears,WINTER BALLADE,ツガル,0,2,5,7,0
Resort Anthem,Everlasting Resort,ONLY ONE ANTHEM,SUPER STAR 満-MITSURU-,0,4,7,10,0
Resort Anthem,Fantasia,HYPER FANTASIA,ＴЁЯＲＡ,1,3,8,10,0
Resort Anthem,Golden Palms,NU DISCO,Dirty Androids,0,5,8,10,11
Resort Anthem,I FIGHT ME,DRUM & BASS,kobo feat. Marsha,0,3,7,9,0
Resort Anthem,Kailua,ENERGETIC HAWAIIAN TRANCE,kors k,0,5,9,11,0
Resort Anthem,Let The Track Flow,UK HARDCORE,Brisk & Ham,0,6,9,11,0
Resort Anthem,Medicine of love,MAGICAL POP,イロハ＆リリナ,0,4,6,9,0
Resort Anthem,Mermaid girl,BUBBLEGUM DANCE,Cream puff,3,5,8,10,0
Resort Anthem,Never Fade Away,IIDX HANDZ UP!!,Sota Fujimori feat. dj MAX STEROID,0,4,8,11,0
Resort Anthem,New Castle Legions,DYSTOPIA,Dirty Androids,0,6,10,12,0
Resort Anthem,PARADISE LOST,TRANCE CORE,Ryu☆ Vs. L.E.D.-G,0,7,11,12,0
Resort Anthem,passionate fate,HANDZ UP,Ryu☆,0,6,8,10,0
Resort Anthem,perditus†paradisus,ANTHEM CORE,iconoclasm,0,7,11,12,0
Resort Anthem,Programmed Life,PSY TRANCE(FULL ON),kors k,0,6,9,10,0
Resort Anthem,reunion,CYBER WALTZ,Tatsh,3,8,11,12,0
Resort Anthem,Rock Da House,UK HARDCORE,M-Project fw. GUHROOVY,0,5,9,11,0
Resort Anthem,SABER WING,SHOOTING WALTZ,TAG,0,5,9,11,0
Resort Anthem,Sakura Reflection,HAPPY HARDCORE,Ryu☆,0,3,9,11,0
Resort Anthem,sakura storm,HAPPY HARDCORE,Ryu☆,0,5,8,12,0
Resort Anthem,Session 9 -Chronicles-,ROCKIN' DRUM'N'BASS,PRASTIK DANCEFLOOR,0,5,10,12,0
Resort Anthem,Space Time,ENERGETIC TRANCE,NISH,0,4,8,10,0
Resort Anthem,SPECIAL SUMMER CAMPAIGN!,BUCHIAGE TRANCE,Lucky Vacuum,0,4,8,12,0
Resort Anthem,Stay my side,R&B,DJ Yoshitaka feat.RINA,0,4,6,8,0
Resort Anthem,STELLAR WIND,HARD DANCE,L.E.D.,2,4,9,11,0
Resort Anthem,THE BLACK KNIGHT,GOA TRANCE,L.E.D.,0,5,10,11,0
Resort Anthem,THE DOOR INTO RAINBOW,TRANCE,L.E.D.,0,4,8,10,0
Resort Anthem,THE FALLEN,GOTH NU-STYLE GABBA,L.E.D.-G,0,5,8,11,0
Resort Anthem,Tropical April,VACATION DANCE,Risk Junk,0,8,10,11,0
Resort Anthem,Vermillion,PSYCHE FUSION,Mystic Moon,0,5,7,10,0
Resort Anthem,Watch Out Pt.2,TECH-BREAKBEATS,DJ Mass MAD Izm* VS.DJ Yoshitaka,0,6,9,12,0
Resort Anthem,WISE UP!,RESORT HOUSE,木之下慶行 feat.星野奏子,2,3,7,9,0
Resort Anthem,Wuv U,CANDY RAVE,kors k,0,3,8,10,0
Resort Anthem,XANADU OF TWO,DANCE POP,T.Kakuta With Starving Trancer + 森永真由美,0,5,8,10,0
Resort Anthem,ZETA～素数の世界と超越者～,IDM,Zektbach,2,4,9,11,0
Resort Anthem,おおきなこえで,WORLD/POPS,猫叉Master feat.Sana,0,3,5,7,10
Resort Anthem,かげぬい ～ Ver.BENIBOTAN ～,NATSU MATSURI,CULTVOICE by S.S.D.PRODUCTS,3,5,7,9,0
Resort Anthem,中華急行,HAPPY HARDCORE,Ryu☆,0,2,8,10,0
Resort Anthem,夕焼け ～Fading Day～,AURAL ADRENALINE,JAKAZiD,0,5,9,11,0
Resort Anthem,旅人リラン,ELECLORE,XOGO BRYKK,0,6,9,11,0
Resort Anthem,灼熱Beach Side Bunny,BROKEN SAMBA BREAK,DJ Mass MAD Izm*,3,7,10,12,0
Resort Anthem,黒髪乱れし修羅となりて,撫子メタル,村正クオリア,0,4,9,12,0
Lincle,24th Century BOY,EURO RAVE,Tatsh,0,5,9,11,0
Lincle,532nm,HARDCORE,Ryu☆,0,3,7,11,0
Lincle,Almace,TECHNO,Qrispy Joybox,0,4,8,10,0
Lincle,ANAGRAMS I to Y,DANCE POP,Mayumi Morinaga,0,4,7,9,0
Lincle,BLACK.by X-Cross Fade,TECH-BREAKBEATS,DJ Mass MAD Izm*,0,6,10,12,0
Lincle,CALL,WORLD/ELECTRONICA,猫叉Master,0,2,5,8,0
Lincle,Castle on the Moon,DANCE SPEED,青龍,1,4,9,11,0
Lincle,Change the World,SPEED POP,Tatsh feat.小田ユウ,0,5,7,9,0
Lincle,DIAVOLO,TRANSCENDENTAL ETUDES,度胸兄弟,0,6,9,12,0
Lincle,Drive Me Crazy,AKIBA RAVE,kors k feat.古川未鈴,0,4,7,10,0
Lincle,Express Emotion,J-CORE,REDALiCE feat. Shihori,0,4,6,10,0
Lincle,F,RENAISSANCE,D.J.Amuro,0,5,10,12,0
Lincle,Far east nightbird,DRUM'N'BASS,猫叉Master,2,3,7,9,0
Lincle,fffff,HARD Pf,Five Hammer,0,4,10,12,0
Lincle,Flip Flap,CANDY HANDZ UP,kors k,1,3,7,10,0
Lincle,Follow Tomorrow,J-DANCE POP,HHH×MM×ST,0,4,8,10,0
Lincle,HAERETICUS,ECCENTRIC,D.J.Amuro Vs MAX MAXIMIZER,0,5,10,12,0
Lincle,I'm so Happy,HAPPY HARDCORE,Ryu☆,2,3,8,11,0
Lincle,In the Blackest Den,PROGRESSIVE ROCK,Bulluvegola,0,5,8,11,0
Lincle,Infinite cave,DRUM'N'BASS,猫叉Master+,0,6,9,10,0
Lincle,LAX5 feat.Ryota Yoshinari,LOUD TECH,Katana Sounds,0,6,9,10,0
Lincle,LETHEBOLG ～双神威に斬り咲けり～,PLATINUM J-POP ONE,ＴЁЯＲＡ,0,5,8,10,0
Lincle,Liquid Crystal Girl feat. echo,ELECTRO,kmp,0,2,6,9,0
Lincle,LOVE B.B.B,DRUM'N'BASS,SWAN K feat. Asuka M,0,4,8,10,0
Lincle,Lucky Days,DREAM TRANCE,Sota Fujimori feat. Kanako Hoshino,0,4,8,10,0
Lincle,Mermaid girl-秋葉工房 MIX-,EURO BEAT,Remixed by DJ Command,0,4,6,9,0
Lincle,Miami Sunset Drive,80's ELECTRO HOUSE,Dirty Androids,0,4,6,9,0
Lincle,NNRT,ELECTRO GOTHIC,Levaslater,0,6,10,12,0
Lincle,Phoenix,HARD NRG,Hommarju,0,5,7,10,0
Lincle,prompt,NU PROGRESSIVE,wｘs ft.*spiLa*,0,5,8,11,0
Lincle,QUANTUM TELEPORTATION,TECHNO,L.E.D.,0,7,10,11,12
Lincle,quaver♪,HAPPY,Risk Junk,1,4,9,12,0
Lincle,Quick Silver,RAVE FUSION,Mystic Moon,0,5,9,11,0
Lincle,Release The Music,TECH DANCE,kors k,0,4,7,10,0
Lincle,RESISTANCE,MYSTERIOUS ROCK,セリカ,0,3,7,10,0
Lincle,Round and Round,HYPER ELECTRO,Masayoshi Minoshima feat. 綾倉盟,0,4,6,9,0
Lincle,SA.YO.NA.RA. SUPER STAR,ONLY ONE FINALE,SUPER STAR 満-MITSURU-,0,4,8,10,0
Lincle,Scharfrichter,HARD ROCK,Ashemu,0,5,9,11,0
Lincle,Several Words,VALIANT BEAT,CAPACITY GATE,0,4,8,10,0
Lincle,SHADE,TECHNO,DJ MURASAME vs dj Killer,0,5,9,11,0
Lincle,Snake Stick,TECH-BREAKBEATS,DJ Yoshitaka VS. DJ Mass MAD Izm*,0,6,10,12,0
Lincle,Snow Goose,ELECTRIC POMP,Mutsuhiko Izumi,2,3,8,11,0
Lincle,Star Trail,TRANCE,Nhato,0,4,7,10,0
Lincle,The Limbo,CYBER PUNK,STN,0,6,10,12,0
Lincle,The Sampling Paradise,HARD TRANCE,Mamonis,0,5,9,12,0
Lincle,Thunderbolt,RAVERS DANCE SPEED,雷龍,0,5,9,12,0
Lincle,TITANS RETURN,DRUMSTEP,L.E.D.,2,4,8,11,12
Lincle,Todestrieb,SACRED TRANCE,Rche,0,5,9,12,0
Lincle,Voxane,TECH DANCE,Remo-con,0,3,7,9,0
Lincle,WONDER WALKER,HARD TRANCE,L.E.D.,0,5,9,12,0
Lincle,YAKSHA,TERROR CORE,Neulakyussra,0,6,10,12,0
Lincle,yellow head joe,TEK-TRANCE,S-C-U,0,4,8,10,0
Lincle,Yellow Sunrise,DRUM'N'BASS,xac,0,4,7,10,0
Lincle,ビューティフルレシート,HAPPY HARDCORE,Lucky Vacuum,1,3,8,10,0
Lincle,ユミル,SYMPHONIC-TEK,MYTHOLOGIA by MLREC.,0,3,7,11,0
Lincle,君のハートにロックオン,トレンディーフュージョン,Dr.Honda,0,4,9,11,0
Lincle,天空の夜明け,ANTHEM,Cuvelia,0,7,10,12,0
Lincle,子供の落書き帳,PROGRESSIVE,佐々木博史,0,6,10,12,0
Lincle,恋する☆宇宙戦争っ！！,Hi-BLEEP,Prim,2,5,8,12,0
Lincle,突撃!ガラスのニーソ姫!,電波,山本椛 (monotone),0,4,7,10,0
Lincle,聖人の塔,BATTLE TRACK,Beridzebeth,0,6,10,12,0
Lincle,蛇神,ORIENTAL MYTHOLOGY,Zektbach,2,4,8,11,0
Lincle,衰色小町メランコリア,NEO CLASSICAL DANCE,iNO,0,4,7,10,0
Lincle,陽炎,POP,星野奏子,0,3,6,9,0
tricoro,405nm (Ryu☆mix),HARDCORE,Another Infinity,0,5,9,11,0
tricoro,8bit Princess,CHIPTUNE,seiya-murai feat. ALT,0,3,6,10,0
tricoro,Ascalon,ELECTRO POP,Qrispy Joybox,0,5,8,10,0
tricoro,Beastie Starter,SPEEDCORE,GUHROOVY,0,3,7,11,0
tricoro,BLUE STRAGGLER,HARD DANCE,L.E.D.,0,4,7,10,0
tricoro,BRAVE GLOW,SPACY TRANCE,SOUND HOLIC feat. Nana Takahashi,0,4,8,10,0
tricoro,CONCEPTUAL,HARD REVOLUTION,Sota Fujimori 2nd Season,0,5,7,11,0
tricoro,Confiserie,HARD ELECTRIC POP,L.E.D. vs S-C-U,0,5,10,12,0
tricoro,connective,LOUNGE POP,猫叉Master feat.*spiLa*,0,2,6,8,0
tricoro,Cookie Bouquets,BREAK CORE,L.E.D. vs TOMOSUKE fw.crimm,0,5,9,11,0
tricoro,DAY DREAM,DARK PROGRESSIVE,Mutsuhiko Izumi,0,5,10,12,0
tricoro,Devilz Staircase,SYMPHONIC BREAK BEATS,OSTER project,0,3,10,12,0
tricoro,Elemental Creation,HARD RENAISSANCE,dj TAKA meets DJ YOSHITAKA,1,7,10,12,0
tricoro,examination leave,VACATION DANCE,dj razzle dazzle,0,6,9,11,0
tricoro,FLOWER,TRANCE CORE,DJ YOSHITAKA,2,6,9,11,0
tricoro,Fly you to the star,HANDZ UP,Another Infinity feat. Mayumi Morinaga,0,4,8,10,0
tricoro,GAIA,SPEED DANCE,猫叉L.E.D.Master+,0,5,10,12,0
tricoro,GRADIUS 2012,KONAMI REMIX,Sota Fujimori,0,5,8,10,0
tricoro,Hollywood Galaxy,DRUM'N'BASS,dj TAKA,0,5,10,12,0
tricoro,Howling,NU RAVE,PON,0,4,7,9,10
tricoro,I know You know,NEW 80's,Suke+Suke feat.Ribbon,0,3,6,9,0
tricoro,ILIAS,HYPER ELECTRO,Masayoshi Minoshima feat. 坂上なち,0,4,7,10,0
tricoro,Illegal Function Call,ORBITALIC CORE,U1-ASAMi,0,5,9,11,0
tricoro,In Heaven,HEAVENLY TRANCE,Sota Fujimori,0,4,7,9,0
tricoro,JOMANDA,HARD RENAISSANCE,DJ YOSHITAKA,1,6,10,12,0
tricoro,Liberation,TRANCE,dj TAKA,0,6,9,12,0
tricoro,Light and Cyber…,HAPPY HARDCORE,Tatsh,0,5,9,11,0
tricoro,Little Star,J-CORE,REDALiCE feat. Ayumi Nomiya,0,5,8,12,0
tricoro,LUV CAN SAVE U,NEO 80's EURO ELECTRO,HIDEKI NAGANUMA,0,3,7,9,10
tricoro,mnemoniq,JAZZ HOUSE,youhei shimizu,0,4,5,8,0
tricoro,Neonlights,TECH DANCE,DJ Noriken,0,4,8,10,0
tricoro,neu,NIENTE,少年ラジオ,1,6,10,12,0
tricoro,New Decade IIDX Edition,SPEED DANCE CORE,Sota F.,1,5,9,11,0
tricoro,New Lights,HARDCORE,kors k,0,6,9,10,0
tricoro,Plan 8,HAPPY GABBA,Ryu☆,0,6,10,12,0
tricoro,planarian,ELECTRIC POP,S-C-U,0,4,8,10,0
tricoro,POINT ZERO,DRUM'N'BASS,猫叉Master+,0,4,7,10,0
tricoro,Praludium,CLASSICAL PIANO,Yuko Takahashi,0,4,8,10,0
tricoro,Proof of the existence,HARD ELECTRONICA,猫叉Master+,0,6,10,12,0
tricoro,Rainbow after snow,DRUM'N'BASS,猫叉Master feat.林ももこ,0,4,7,10,0
tricoro,Re:GENERATION,EMOTIONAL SENTENCE,TAG feat. ERi,1,5,8,10,0
tricoro,rumrum triplets,LOUNGECORE,yu_tokiwa.djw,0,5,10,11,0
tricoro,S!ck,DRUMSTEP,Eagle,0,5,8,11,0
tricoro,Saturn,PROGRESSIVE TRIBAL,Mr.Saturn,0,7,10,11,0
tricoro,Shining World,ELECTRO POP,DJ Genki feat. Yukacco,0,6,8,9,0
tricoro,SHION,HI-SPEED FANTASY TUNE,DJ YOSHITAKA,0,4,7,10,0
tricoro,Sol Cosine Job 2,FREEFORM HARDCORE,DJ TECHNORCH,0,6,9,12,0
tricoro,STULTI,GRAVIOL,MAX MAXIMIZER VS DJ TOTTO,0,5,10,12,0
tricoro,SYNC-ANTHEM,LATIN EURO,Tatsh feat. 星野奏子,0,5,10,12,0
tricoro,Synergy For Angels,ORBITALIC REVOLUTION,TAG×U1-ASAMi,0,4,8,11,0
tricoro,Take My Life,EUROBEAT,Y&Co.,0,5,8,11,0
tricoro,Thor's Hammer,TRANSCENDENTAL ETUDES,ユニバーサル度胸兄弟,0,5,10,12,0
tricoro,Time To Empress,TRANCE,dj TAKA feat.wac & secret K,0,4,9,10,0
tricoro,Timepiece phase II,PROGRESSIVE ROCK,佐々木博史,0,5,10,12,0
tricoro,Timepiece phase II (CN Ver.),PROGRESSIVE ROCK,佐々木博史,0,6,10,12,0
tricoro,To my star,STARPOP,星野奏子,0,3,6,9,0
tricoro,True Blue,ESSENTIALLY,dj TAKA feat.AiMEE,0,5,10,12,0
tricoro,Valanga,ART CORE,DJ TOTTO,0,7,10,12,0
tricoro,VALLIS-NERIA,TRANCE CORE,DJ YOSHITAKA ,1,6,10,11,0
tricoro,VEGA,UNIVERSAL J-CORE,REDALiCE,0,5,9,11,0
tricoro,ZED,DUB STEP,USAO,0,5,8,11,0
tricoro,Zirkfied,SPACE REQUIEM,iconoclasm,0,5,10,12,0
tricoro,ΕΛΠΙΣ,ROMANTIC SCHOOL VARIATIONS,dj TAKA,0,6,10,12,0
tricoro,†渚の小悪魔ラヴリィ～レイディオ†(IIDX EDIT),Hi-CORE,夏色ビキニのPrim,1,3,9,12,0
tricoro,お米の美味しい炊き方、そしてお米を食べることによるその効果。,お米タル,大日本鉄倶楽部【あさき＆９６】,0,5,8,10,0
tricoro,たまゆら,PROGRESSIVE,佐々木博史,0,7,10,12,0
tricoro,アストライアの双皿,ZODIAC ORACLE 7,ZODIACSYNDICATE,0,4,9,12,0
tricoro,カジノファイヤーことみちゃん,電波,ARM feat. 山本椛 + Brasscapsule,0,4,8,11,0
tricoro,キャトられ恋はモ～モク,Hi-ν BLEEP,ギュ～っとしたいPrim,0,6,10,12,0
tricoro,シュレーディンガーの猫,TOY CONTEMPORARY,Cait Sith,0,6,10,12,0
tricoro,トリカゴノ鳳凰,歌謡 DRUM & BASS,L.E.D. Vs. 幽閉サテライト,0,6,9,12,0
tricoro,メイメツ、フラグメンツ,CYBER SYMPHONIC POP,中山真斗(Elements Garden)feat.桜川めぐ,0,4,8,10,0
tricoro,ラキラキ,LUCKY TECHNO,Mutsuhiko Izumi & S-C-U,0,4,8,10,0
tricoro,下弦の月,NEO CLASSICAL DANCE,iNO,0,5,7,9,0
tricoro,仮想空間の旅人たち,TECHNO,DJ MURASAME,0,5,9,11,12
tricoro,創世ノート,CREATOR,PON+wac,0,4,9,11,0
tricoro,即席！脳直★ミュージックシステム,AKIBA-POP,MOSAIC.WAV,0,6,10,12,0
tricoro,朧,FASCINATION,HHH×MM×ST,1,4,7,10,11
tricoro,梅雪夜,想歌 梅,Qrispy Joybox feat.mao,0,5,7,10,0
tricoro,狂イ咲ケ焔ノ華,Hi-GOTH,覚醒ノPrim,0,6,10,12,0
tricoro,音楽,SILENT,弁士カンタビレオ,0,5,10,12,0
tricoro,龍と少女とデコヒーレンス,EPIC TECHNO,黒猫ダンジョン,0,5,8,11,12
SPADA,Adularia,ARTCORE,DJ TOTTO,1,6,10,12,0
SPADA,ALBA -黎明-,HYPER GOTHIC BEAT,SOUND HOLIC feat. Nana Takahashi,0,5,8,11,0
SPADA,Ancient Scapes,DYNASTIC FREEFORM,Durandal,0,6,10,12,12
SPADA,ATHER,ASTRAL HARDCORE,TAG underground,0,5,8,11,0
SPADA,BLUE DRAGON(雷龍RemixIIDX),RAVERS DANCE SPEED,青龍,0,7,10,12,0
SPADA,BRAINSTORM,TRANCECORE MEETS GABBA,Hardcore United Tokyo(teranoid & DJ TECHNORCH),0,4,10,11,0
SPADA,BRAVE OUT,ELECTRANCE,nomico / DOWNFORCE,0,5,8,10,0
SPADA,Claiomh Solais,ILUZIO,DJ Yoshitaka VS S.S.D.,0,2,6,9,0
SPADA,Cleopatrysm,PHARAO BEAM STEP,ピラミッ℃,0,4,8,11,0
SPADA,Close the World feat.a☆ru,J-CORE,天叢雲剣,0,5,10,12,12
SPADA,Critical Crystal,DANCE SPEED,青龍,1,6,8,11,0
SPADA,Dark Fall,MASSIVE DANCE SPEED,黒龍,0,5,8,11,0
SPADA,DARK LEGACY,DARK ELEMENT,BaSTeT,0,6,9,12,0
SPADA,Devilz Sacrifice -贖罪の羊-,SYMPHONIC BREAK BEATS,OSTER project,0,5,9,11,0
SPADA,diagram,GLITCH HOP,Expander,0,3,7,11,0
SPADA,Elektrick U-Phoria,UK HARDCORE,DJ Noriken,0,6,9,11,0
SPADA,Element of SPADA,HEALING POP,猫叉Master feat.霜月はるか,0,3,7,9,0
SPADA,Engraved Mark,HAPPY SAD CORE,Ryu☆ ∞ Des-ROW,0,4,8,11,0
SPADA,EXTREME MACH COLLIDER,TECHNO,L.E.D.,0,5,8,11,0
SPADA,Feel The Beat,HARDCORE RAVE,Falsion,0,7,10,12,12
SPADA,Funny shuffle,JAG GLITCH,猫叉Master+,0,3,6,11,0
SPADA,HYENA,BIG BEAT,Hommarju,0,6,9,11,0
SPADA,Hypersonik,DRUM&BASS,Eagle,0,5,8,10,0
SPADA,I will be back -オレは帰ってきた-,ONLY ONE MOMENT,SUPER STAR 満-MITSURU-,0,6,9,11,0
SPADA,Idola ,REPLICANT CORE,iconoclasm feat.GUMI ,0,6,10,12,0
SPADA,Insane Techniques,Hi-TECH FULL ON,kors k,0,4,7,11,0
SPADA,INSOMNIA,FUNKOT,ジャカルタファンクブラザーズ,0,4,8,12,0
SPADA,into the battlefield,SYMPHONIC BREAKS,the wandering bard,0,4,8,10,0
SPADA,invoker,TRIBE CORE,Caladborg,0,5,9,12,12
SPADA,IX,BLOOD METAL,dj TAKA VS DJ TOTTO feat.藍,0,6,11,12,0
SPADA,KAISER PHOENIX,HEAVY METAL,96,0,7,10,12,12
SPADA,KHAMEN BREAK,PROGRESSIVE GOSPEL,くふおー,0,3,7,11,0
SPADA,Last Dance,HARD STACC,dj TAKA,0,6,10,12,0
SPADA,Lighting Shower,TRANCE POP,TAG,0,4,7,11,0
SPADA,M.D.Injection,PIECED DOWNBEAT,Project B-,0,3,6,10,0
SPADA,m1dy Deluxe,TOKYO STYLE SPEEDCORE,m1dy,0,6,9,11,0
SPADA,MAD ATTACK,UPBEAT,HALFBY,0,3,6,9,0
SPADA,MAGIC & LOVE,HAPPY CORE,DJ Genki feat. Yukacco,0,5,9,11,0
SPADA,Miracle 5ympho X,FRENCHCORE,USAO,0,5,8,10,0
SPADA,NPC World,ELECTRO POP,PON,0,5,8,10,0
SPADA,Odin,GABBER,Noizenecio,0,4,7,10,0
SPADA,Overload Frontier,HARDCORE RAVE,DJ Shimamura,0,5,8,11,0
SPADA,Pharaoh,ANCIENT CIVILIZATION,劇団レコード,0,3,8,11,0
SPADA,PUNISHER,VARIANT RAVE,TAG×PON,0,5,9,12,0
SPADA,ra'am,RAVERS DANCE SPEED,雷龍,0,8,10,12,0
SPADA,rainbow guitar weeps,BRIGHTNESS,dj TAKA,0,5,9,11,0
SPADA,Recollection,POPS,Noria,0,5,7,9,0
SPADA,refractive index,PSYCHEDELIC TRANCE,Sota Fujimori,0,3,7,11,0
SPADA,RISE,DRUMSTEP,Dirty Androids,0,5,8,10,0
SPADA,RIZING YOU UP,HAPPY HARDCORE,Ryu☆,0,6,9,10,0
SPADA,SCHWARZSCHILD FIELD,FULL ON,L.E.D.,0,6,9,11,0
SPADA,Sigmund,REQUIEM PSY,Gram,0,7,10,12,12
SPADA,Squeeze,WITHOUT YOU TONIGHT-VI-,VENUS feat. Mutsuhiko Izumi,0,5,8,11,0
SPADA,THE DETONATOR,NU STYLE GABBA,teranoid VS L.E.D.-G,0,7,10,11,0
SPADA,Unicorn tail,BREAKBEATS TRANCE ,DJ YOSHITAKA,0,5,9,11,0
SPADA,Valgus,MAINSTREAM HARDCORE,DJ Myosuke feat.Yukacco,0,4,7,11,0
SPADA,Verflucht,HARD NRG,Tyrfing,0,6,10,12,12
SPADA,VOX UP,ROTTERDAM TECHNO,sampling masters MEGA vs 青龍,0,8,11,12,0
SPADA,Wonder Girl feat. Kanae Asaba,EUROBEAT,Y&Co.,0,4,6,11,0
SPADA,お願いアインシュタイン,CYBER SYMPHONIC POP,中山真斗 feat.桜川めぐ,0,5,8,10,0
SPADA,アルストロメリア,BLOOM FUSION,TAG,1,5,8,10,0
SPADA,デッドボヲルdeホームラン,ELECTRIC MANOUSH SWING,猫叉Masterβ2,0,3,9,11,0
SPADA,バンブーソード・ガール,J-SPEEDMETAL,cosMo＠暴走P,1,5,9,11,0
SPADA,幻想系世界修復少女,J-POP,Last Note.,1,4,7,10,0
SPADA,廿,新世紀進歩的羽扇子音楽,DJ TECHNORCH,0,5,8,10,12
SPADA,旋律のドグマ～Miserables～,JUVENILE DRUM & BASS,楓璃夢＝ジークフリード＝ファイエルローゼン,0,6,10,12,0
SPADA,海神,HYDRO CORE,兎々,0,7,10,12,0
SPADA,煉獄のエルフェリア,HARD SYMPHONIC,猫叉Master+,0,7,10,12,0
SPADA,牧神笛吹きて,ZODIAC ORACLE X,楽士ゾディアック,0,4,8,11,0
SPADA,疾風迅雷,ORIENTAL CORE,KUMOKIRI,0,6,10,12,12
SPADA,罪と罰,HYPER J-POP,Xceon feat. Mayumi Morinaga,0,5,7,10,0
SPADA,超!!遠距離らぶメ～ル,乙女EDM,ななひら,0,3,7,10,0
SPADA,轟け！恋のビーンボール！！,ベースボールヒロイン,ダイナミック野球兄弟 v.s. クロスファイヤーPrim,0,6,10,12,0
PENDUAL,#The_Relentless,DUBCORE,DJ Noriken,0,6,9,11,0
PENDUAL,AFRO KNUCKLE,AFRO-SAMBA,猫叉Master+,0,5,8,11,0
PENDUAL,Beat Radiance,NEO CLASSICAL DANCE ,iNO,0,5,8,10,12
PENDUAL,Beyond The Earth,WORLD/ELECTRONICA,猫叉Master,0,5,10,11,0
PENDUAL,Blaze it UP!,HARDCORE RAVE,DJ Shimamura,0,5,8,11,0
PENDUAL,BLUE MIRAGE,NU STYLE GABBA,DJ CHUCKY,0,5,10,12,0
PENDUAL,Broken Sword,DUAL ANTIQUE,金獅子 VS 麒麟,0,7,10,12,0
PENDUAL,Chain of pain,FULL ON,kors k VS 猫叉Master+,0,4,8,10,0
PENDUAL,chrono diver -fragment-,HEALING DRUM'N'BASS,猫叉Master feat.三澤 秋,0,3,6,9,10
PENDUAL,CHRONO DIVER -NORNIR-,CYBER DRUM & BASS,L.E.D.,0,5,9,11,12
PENDUAL,Chrono Diver -PENDULUMs-,CHRONO BREAKS,猫叉L.E.D.Master+,3,7,11,12,0
PENDUAL,Chronos,PROGRESSIVE,TAG,0,5,8,11,0
PENDUAL,cinder,MAELSTROM,PHQUASE,0,5,9,12,0
PENDUAL,COLOSSEUM ,LOST GROUND,劇団レコード,0,4,7,11,0
PENDUAL,Cosmic Cat,FUTURE BASS,8bit Moonside,0,6,9,11,12
PENDUAL,Despair of ELFERIA,HARD IRISH SYMPHONIC,猫叉Master,0,7,10,12,0
PENDUAL,Discloze,Hi-TECH PSYTRANCE,lapix,0,6,9,11,0
PENDUAL,EBONY & IVORY,RAGTIME CHIPTUNE,OSTER project,0,6,9,12,12
PENDUAL,entelecheia,SACRED TRANCE,Rche,0,6,10,12,0
PENDUAL,Erosion Mark  ,FALLIN APART CORE,kors k REASM Des-ROW,0,4,8,11,0
PENDUAL,fallen leaves -IIDX edition-,WORLD/ELECTRONICA,猫叉Master,0,6,10,12,0
PENDUAL,FANTASTIC THREE,DUB COMEDY,ジャカルタファンクブラザーズ,0,7,10,12,0
PENDUAL,Flashes,DRUM'N'BASS,Dollscythe,0,6,9,12,0
PENDUAL,Gravigazer,PROGRESSIVE SCHRANZ,DJ TOTTO,0,5,10,12,0
PENDUAL,HELL SCAPER -Last Escape Remix-,GABBAH,Remixed by DJ TECHNORCH fw.GUHROOVY,0,5,8,11,0
PENDUAL,Hello Happiness,HAPPY HARDCORE,P*Light feat. mow*2,0,5,9,11,0
PENDUAL,illuminate,SYNTHETIC EDM,Sota Fujimori,0,3,8,10,0
PENDUAL,IMPLANTATION,GOA TRANCE,TOMOSUKE,0,5,10,12,0
PENDUAL,In The Breeze,HYBRID,96 & Sota ft. Mayumi Morinaga,0,4,7,9,0
PENDUAL,Invitation from Mr.C,HOLIC,C-Show,0,6,9,12,0
PENDUAL,IXION,PSYCHEDELIC TRANCE,L.E.D.,0,5,8,9,0
PENDUAL,Line 4 Ruin,ELECTRO TECH,Ryu☆,0,4,9,11,0
PENDUAL,m1dy Festival,TOKYO STYLE SPEEDCORE,m1dy,0,5,8,11,0
PENDUAL,Monopole.,ARTCORE ROCK,cosMo＠暴走P,0,4,8,12,0
PENDUAL,NEO GENERATOR SEVEN,MAINSTREAM HARDCORE,L.E.D.-G,0,5,9,12,0
PENDUAL,Night sky,PUMPCORE,USAO,0,6,9,11,0
PENDUAL,No Tears,HARD EDM,RoughSketch feat.Aikapin,0,6,9,11,0
PENDUAL,On My Wings(Hardstyle IIDX),HARDSTYLE,kors k,0,5,7,10,0
PENDUAL,PENDUAL TALISMAN,SYSTEM BGM,猫叉L.E.D.Master,0,5,8,11,0
PENDUAL,Rave*it!! Rave*it!! ,EDM SPEED,機龍,0,6,9,12,0
PENDUAL,Realize Maze,SOLITUDE,movies (moimoi×Xceon×Dai.),0,6,9,11,0
PENDUAL,Reflux,TRANCESTEP,Eagle,0,5,9,12,0
PENDUAL,Sakura Mirage,CHIPCORE,Ryu☆,0,6,8,11,0
PENDUAL,SAMSARA,DIMENSION WAVE,SOUND HOLIC feat. Nana Takahashi,0,4,7,10,0
PENDUAL,Say YEEEAHH,EDM,kors k,0,6,9,12,0
PENDUAL,Scarlet Moon,J-CORE,REDALiCE feat. Ayumi Nomiya,0,6,9,11,0
PENDUAL,Scars of FAUNA,WORLD/ELECTRONICA,猫叉Master,0,5,8,11,0
PENDUAL,Shooting Fireball,MUSIC GAME TRADITIONAL,dj TAKA,0,6,10,12,0
PENDUAL,Sounds Of Summer ,UK HARDCORE ,Hommarju ,0,6,10,12,0
PENDUAL,SpaceLand☆TOYBOX,RAGTIME FUTURE POP,OSTER project,0,6,9,12,0
PENDUAL,Sweet Radar,ELECTRO POP,DJ Genki feat. Yukacco,0,4,7,10,0
PENDUAL,Symmetry,EPIC ELECTRONICA,猫叉Master,0,6,10,12,0
PENDUAL,TA・DA ☆ YO・SHI,EUROBEAT,Y&Co.,0,5,8,10,0
PENDUAL,The Least 100sec,PROGRESSIVE,Sasaki Hirofumi,0,5,9,12,0
PENDUAL,TIEFSEE,DEEP SPECTRUM,SOUND HOLIC Vs. dj TAKA feat. YURiCa,0,6,9,12,0
PENDUAL,TOXIC VIBRATION,MELODIC SPEED METAL,SOUND HOLIC Vs. T.Kakuta feat. YURiCa,0,7,10,12,0
PENDUAL,Vulkan,GYPSYCORE,Hommarju,0,5,9,11,0
PENDUAL,We're so Happy (P*Light Remix) IIDX ver.,HAPPY HARDCORE,Remixed by P*Light,0,6,10,12,0
PENDUAL,ZZ,INTELLIGENCE,D.J.Amuro,1,6,10,12,0
PENDUAL,それは花火のような恋,Hi-歌謡コア,夏色バーニングラブ☆Prim,3,6,10,12,0
PENDUAL,とろぴかる倶楽部,TROPICAL,HALFBY,0,5,8,11,0
PENDUAL,ぷろぐれっしぶ時空少女！うらしまたろ子ちゃん！,ぷろぐれっしぶ電波,ARM(IOSYS) feat. 山本椛,0,5,7,11,0
PENDUAL,もっと！モット！ときめき feat. 松下,きらめきコア,シャイニング度胸兄弟,0,6,9,11,0
PENDUAL,ドッキン☆サマーあばんちゅーる,ドタバタ☆夏休み,L.E.D.-G + Qrispy Joybox + ARM feat. ななひら,0,5,8,11,0
PENDUAL,パ→ピ→プ→Yeah!,電波ソング,ヒゲドライバー join. shully & Nimo,2,6,9,11,0
PENDUAL,ベィスドロップ・フリークス,A-STYLE DRUMSTEP,かめりあ feat. ななひら,0,4,7,10,0
PENDUAL,リリーゼと炎龍レーヴァテイン,OLDSTYLE GAMEMUSIC,黒猫ダンジョン,0,6,10,12,0
PENDUAL,共鳴遊戯の華,ASTRAL DRUM & BASS,アイテール魔導士隊,0,7,10,12,0
PENDUAL,十六夜セツナ,HYPER J-POP,Xceon feat.Mayumi Morinaga,0,5,7,10,0
PENDUAL,千年ノ理,WORLD/ELECTRONICA,猫叉Master,0,6,9,12,12
PENDUAL,取り残された美術(Arranged:HiZuMi),HYPER J-POP,幽閉サテライト feat. senya,1,5,8,10,0
PENDUAL,夏色DIARY - L.E.D.-G STYLE MIX -,HAPPY SUMMER CORE,猫叉王子 feat.L.E.D.-G,0,6,10,12,0
PENDUAL,妖隠し -あやかしかくし-,DRUM'N'WALTZ,DJ TOTTO feat.3L,0,5,9,10,0
PENDUAL,少年は空を辿る,ムラクモ,Power Of Nature,0,6,10,12,0
PENDUAL,恋は白帯、サンシロー,KANA-POP,星野奏子,0,3,6,9,11
PENDUAL,打打打打打打打打打打,JAPANESE TRADITIONAL,ヒゲドライバー join. SELEN,1,5,8,11,0
PENDUAL,時空トラベローグ,TIME TRIP JAZZ,SWING HOLIC feat. A～YA,0,6,9,11,0
PENDUAL,白露の風,想歌 風,Qrispy Joybox feat. 常盤ゆう,0,2,6,9,0
PENDUAL,紅牡丹,J-CORE,DJ NAGAI feat. a☆ru,3,6,9,12,0
PENDUAL,表裏一体！？怪盗いいんちょの悩み,Hi-FUNK BREAKS,◇◆噂の怪盗少女 ぷらずま★彡Prim◇◆,0,6,10,12,0
PENDUAL,超青少年ノ為ノ超多幸ナ超古典的超舞曲,PIECED EUPHORIA,Project B-,0,6,9,11,12
PENDUAL,鬼天,ASURA TEK CORE,兎々,0,6,9,11,0
PENDUAL,Ｘ↑Ｘ↓,新世紀進歩的羽扇子音楽,DJ TECHNORCH,0,5,8,11,0
copula,199024club -Re:BounceKiller-,TECH BREAKBEATS,DJ Mass MAD Izm*,0,5,10,12,0
copula,Acid Pumper,HARD DANCE,ni-21,0,4,9,11,0
copula,Angelic Jelly,HAPPY で HARDCORE,t+pazolite,0,6,9,11,0
copula,AO-1,DANCE EXPRESS,電龍,0,7,10,12,0
copula,Arcana,UPLIFTING TRANCE,Maozon,0,6,8,10,0
copula,Aublia,POST J-TRADITIONAL,onoken feat. ALIAKE,0,5,8,11,0
copula,Battle Train -IIDX Edition-,HARD DANCE,Sota Fujimori,0,4,10,11,0
copula,Blue Spring Express,DREAM CORE,DJ Scratch & Bend,0,7,10,12,0
copula,Central Station,FUTURE BASS,Recycle,0,5,8,10,0
copula,chaos eater -IIDX edition-,HARD STEP,猫叉Master+,0,5,9,11,0
copula,CODE:1 [revision1.0.1],TECHNO,HEXA,0,5,9,12,0
copula,Daily Lunch Special,ラッキーハードコア,Lucky Vacuum,0,6,9,11,0
copula,Damage Per Second,CYBER DRUMSTEP,Maozon,0,4,7,9,10
copula,Derelict Star feat. Ryu*,HARD DANCE,Remo-con,0,6,9,11,0
copula,Devil's Gear,MAINSTREAM HARDCORE,DJ Myosuke,0,6,10,12,0
copula,DIAMOND CROSSING,HARD ELECTRIC POP,S-C-U vs L.E.D.,0,7,10,12,0
copula,do the thing feat. Kanae Asaba,EDM,MK,0,3,8,10,0
copula,Donkey Donk,DONK,Ryu☆,0,6,9,10,0
copula,Dynamite,HYBRID TWERK,USAO,3,7,10,12,0
copula,Everlasting Last,J-DANCE POP,HHH×MM×ST,0,4,8,10,0
copula,Exchange Place,FUTURE JERSEY,Dirty Androids,0,4,7,9,0
copula,GENERATE feat.綾倉盟,ELECTRONIC DANCE,Masayoshi Minoshima,0,5,8,10,0
copula,Glitch Nerds,GAMER'S ELECTRO/COMPLEXTRO,かめりあ,0,5,8,10,0
copula,Go Faraway,TRAPSTYLE,DJ Noriken feat. Yukacco,0,5,7,10,0
copula,GOBBLE,CANTERBURY&BEAT,Kimitaka Matsumae,0,4,7,11,0
copula,Godspeed,JOINT WORK,dj TAKA xxx 猫叉Master xxx L.E.D.,0,7,10,12,0
copula,Grand Chariot,HARD ART CORE,xi,0,7,10,12,0
copula,Highcharge Divolt,BEMANIZED DIGITAL ROCK,HuΣeR,0,6,10,12,0
copula,Inner Spirit,HiTECH FULLON,lapix,0,5,9,11,0
copula,Journey,WORLD/ELECTRONICA,猫叉Master,0,3,6,9,0
copula,Konzert V,JUNGLE CLASSIC,Remo-con vs. dj TAKA,0,6,10,12,0
copula,La dolce primavera,PRIMAVERA JAZZ WALTZ,OSTER project,0,4,8,10,0
copula,M4K3 1T B0UNC3,HDM,kors k,0,7,10,12,0
copula,Musik LoverZ,HARDSTYLE,RoughSketch,0,5,7,10,0
copula,NANAIRO,METAL POPS,LIQU@。,0,5,9,10,0
copula,Nightmare before oversleep,SORROW STEP,猫叉Master,0,7,10,12,0
copula,NINJA IS DEAD IIDX ver.,SHINOBI SPEED,P*Light,0,6,9,12,0
copula,NO LIMIT -オレ達に限界は無い-,ONLY ONE DANCE MUSIC,SUPER STAR 満-MITSURU- vs. 伝説のダンサー マイク,0,4,6,10,0
copula,Nowhere,ELECTRO TRANCE,Nhato,0,4,8,10,0
copula,NZM,END ROLL,The 4th,0,6,9,12,0
copula,On the FM,RADIO SHOWCASE,C-Show,0,6,8,11,0
copula,Outbreak,FRENCHCORE,USAO,0,6,9,11,0
copula,POSSESSION,PSYCHIC FLASH,TAG underground,3,7,10,12,0
copula,quick master (reform version),J-TEKNO,youhei shimizu,0,1,3,5,0
copula,refrain,TRANCE,dj TAKA feat.AiMEE,0,6,10,12,0
copula,Rock It,HARDCORE,Hommarju,0,5,8,11,0
copula,Routing,JAZZY-ELECTRO,かめりあ,0,6,9,11,0
copula,SEITEN NO TERIYAKI,CHAOTIC SPEEDCORE,Kobaryo,0,4,7,11,0
copula,Sephirot,TRANCE,SHIKI,0,5,8,10,0
copula,Set U Free feat. Kanae Asaba,HARD TRANCE,Y&Co.,0,4,8,10,0
copula,SHELTER OF THE MIND,ROCKIN' DRUM&BASS,YURiCa/花たん,0,6,9,11,0
copula,STARLiGHT,DANCE SPEED GOLD,星龍,0,5,9,11,0
copula,STARLIGHT DANCEHALL,HAPPY EMOTION,P*Light,0,6,9,11,12
copula,StrayedCatz,FANTASY,削除,0,6,10,12,0
copula,Super Duper Racers,HARDCORE,kors k & Numb'n'dub,0,4,8,10,0
copula,SURVIVOR,GRAVITY POP,SOUND HOLIC Vs. ZYTOKINE feat. Nana Takahashi,0,4,7,9,0
copula,Tori-no-kimochi,WORLD/ELECTRONICA,猫叉Master+,0,1,6,10,0
copula,Triple Counter,RISK + VACUUM,DJ YOSHITAKA meets dj TAKA,0,7,10,12,0
copula,Uh-Oh,CANDY RAVE,kors k,0,5,8,11,0
copula,Violet Pulse,GLITCH ELECTRO,G.K,0,2,8,10,0
copula,Violet Rose,LATIN JAZZ TRIO,OSTER project,0,7,9,11,0
copula,Welcome,HARDCORE,Uraken,0,4,10,11,12
copula,X,RENAISSANCE,D.J.Amuro,0,7,10,12,0
copula,ZEPHYRANTHES,BLOOM CORE,TAG,0,5,9,11,0
copula,か・し・ま・し☆PUMP UP！,SUMMER WORKOUT,miko,0,6,9,11,0
copula,めいさいアイドル☆あいむちゃん♪,電波デステクノ,DJ SHARPNEL feat. みらい,0,7,10,12,0
copula,オルタネイトβ,HYPER J-POP,Xceon feat. Mayumi Morinaga,0,4,7,10,0
copula,ギョギョっと人魚 爆婚ブライダル,Hi-RESORT電波,海の底からマーメイド Prim by ARM×狐夢想,0,4,8,10,0
copula,シュッパツシンコウ・シサカンコ,KANA-POP,星野奏子,0,5,8,10,0
copula,セロトニン,ORBITALICTRO,U1 overground,0,6,9,11,0
copula,少女アリスと箱庭幻想コンチェルト,空想ファンタジーシリーズ,DJ TOTTO,0,5,8,10,0
copula,明鏡止水,禅ジャズ,TOMOSUKE feat. あさき,0,5,9,11,0
copula,星屑ディスタンシア,GLITCH JAZZ,ARM feat. 普透明度 + Brasscapsule,0,4,6,10,0
copula,朝焼けから始まるボクらの小さな旅,ARTCORE ROCK,cosMo＠暴走P,0,5,9,11,0
copula,灼熱 Pt.2 Long Train Running,BROKEN SAMBA BREAK,DJ Mass MAD Izm*,0,7,11,12,0
copula,炸裂！イェーガー電光チョップ！！(JAEGER FINAL ATTACK),HARDSTYLE,L.E.D. ,0,6,9,11,0
copula,真 地獄超特急 -HELL or HELL-,新世紀進歩的羽扇子音楽,DJ TECHNORCH Vs. L.E.D.Light-G,0,7,10,12,0
copula,紫陽花 -AZISAI-,ORIENTAL TECHDANCE,Camellia Vs. Expander,2,7,10,12,0
copula,追想快晴テーマパーク,FUTURE E-POP,PHQUASE,0,6,10,11,0
copula,量子の海のリントヴルム,エピックプログレ,黒猫ダンジョン,0,6,9,11,0
copula,駅猫のワルツ,にゃんコア,ミニョンヌ鉄道兄弟,0,6,10,12,0
copula,麗 ～うらら～,WINTER GLOW,SOUND HOLIC feat. Nana Takahashi,1,5,9,11,0
SINOBUZ,!Viva!,TRIBAL HOUSE,Ryu*,0,5,8,10,0
SINOBUZ,#MAGiCVLGiRL_TRVP_B3VTZ,NEON/TWERKCORE,DJ Noriken,0,6,9,12,0
SINOBUZ,(This Is Not) The Angels,BIG BEAT/BREAKBEATS,Hommarju,0,4,8,11,0
SINOBUZ,Amazing Mirage,HiTECH FULLON,lapix,2,5,9,11,12
SINOBUZ,AO-∞,DANCE SPEED,青龍,0,6,9,10,0
SINOBUZ,Apocalypse,EPIC D'N'B,Morrigan feat. リリィ,0,5,9,12,0
SINOBUZ,Around The Galaxy,UPLIFTING TRANCE,NISH,0,5,9,11,0
SINOBUZ,AsiaN distractive,WORLD,猫叉劇団,0,5,8,11,0
SINOBUZ,BabeL ～Grand Story～,SPIRAL STAIRS,Ako Atak,0,6,10,11,0
SINOBUZ,Be A Star,ALTERNATIVE TECHNO POP,PHQUASE feat.ぁゅ,0,4,9,11,0
SINOBUZ,Beat Juggling Mix,DJ BATTLE,Hommarju,0,6,9,11,0
SINOBUZ,Believe in you,HARDCORE RAVE,DJ Shimamura feat. Renna,0,5,8,10,0
SINOBUZ,Beyond The Seven,TRANCE,Nhato,0,4,7,11,0
SINOBUZ,BREAK OVER,FESTIVAL SOUND,MASAYOSHI IIMORI,0,5,9,11,0
SINOBUZ,Breakin' Chain,MOOMBAHCORE,REDALiCE feat. MONICO,0,4,8,10,0
SINOBUZ,BroGamer,SUPER ULTIMATE HYPER CORE,USAO,0,7,9,11,0
SINOBUZ,Caterpillar,HARD TRAP,Eagle,0,6,10,12,0
SINOBUZ,crew,ANTHEM,beatnation Records,0,3,8,11,0
SINOBUZ,Cyber True Color,DREAM COLLABORATION,kors k vs Sota Fujimori,0,5,9,11,0
SINOBUZ,DORNWALD ～Junge～,ARCHAIC TALE EP1,DJ TOTTO,0,6,10,12,0
SINOBUZ,ECHIDNA,HYBRID BUCHIAGE TRANCE,HuΣeR,0,6,10,12,0
SINOBUZ,Egret and Willow,FUTURE BEATS,Dirty Androids,0,6,8,11,0
SINOBUZ,elemental bender feat. Kanae Asaba,EDM,MK,0,3,6,8,0
SINOBUZ,FUZIN RIZIN,HYPER DIGIMETAL,SOUND HOLIC feat. Nana Takahashi & 709sec.,0,5,9,12,0
SINOBUZ,Go Ahead!!,TRANCE CORE,Ryu☆ Vs. Sota,0,7,10,12,0
SINOBUZ,GuNGNiR,REQUIEM PSY,Gram,0,7,11,12,0
SINOBUZ,HADES,HARDSTYLE,Massive New Krew,2,5,9,12,0
SINOBUZ,HAPPY★RUSH,HAPPY,P*Light,0,4,9,11,0
SINOBUZ,Honey Trap,HYPER TRAP,Expander,0,5,8,11,0
SINOBUZ,INVISIBLE STRIX,NEUROFUNK,L.E.D.,0,6,10,11,0
SINOBUZ,Lost wing at.0,DRUM'N'BASS,猫叉Master+,0,5,8,11,0
SINOBUZ,Macuilxochitl,PIANO CONTEMPORARY,TOMOSUKE,3,7,10,11,0
SINOBUZ,Magical,KAWAII FUTURE BASS,Snail's House,0,4,6,10,0
SINOBUZ,Mare Nectaris,EXPERIMENTAL,神楽,0,7,11,12,0
SINOBUZ,Modular Technology,TECHNO,Sota Fujimori,0,6,10,11,0
SINOBUZ,Music is The Answer,TURBOFUNK,C-Show,0,4,8,10,0
SINOBUZ,nostos,NOSTALGIA,Setaria Virtuoso,0,5,8,11,0
SINOBUZ,OOO,BUBBLEGUM DANCE,Ryu☆ feat.moimoi,0,3,7,10,0
SINOBUZ,OTENAMI Hurricane,POP BREAKCORE,t+pazolite,0,6,10,12,0
SINOBUZ,PAPAYAPA BASS,MONDO-GROOVE BASSHOUSE,かめりあ feat. ななひら,0,5,8,11,0
SINOBUZ,Piano Samurai,BEAT PIANO MUSIC,maras k(marasy+kors k),0,5,9,10,0
SINOBUZ,Quakes,HARD BREAK BEATS,dj Hellix,0,6,10,12,0
SINOBUZ,RAIN,TRANCE,dj TAKA,0,6,9,12,0
SINOBUZ,Rave Cannon,SPEED RAVE,kors k,0,5,9,12,0
SINOBUZ,Remedy feat. Kanae Asaba,哀愁EUROBEAT,Y&Co.,0,5,8,10,0
SINOBUZ,RISING FIRE HAWK,HARDSTYLE,L.E.D.-G,0,5,8,11,0
SINOBUZ,ROTTERDAM SHOGUN,RDM,ABDI from ジャカルタファンクブラザーズ,3,6,9,11,0
SINOBUZ,SAMURAI-Scramble,TECH BREAKBEATS,DJ Mass MAD Izm*,0,5,9,11,0
SINOBUZ,Sarutobi Champion is 拙者,PIECED MAKIBISHI,Project B-,0,6,9,11,0
SINOBUZ,SAY BAY,SHINOBI RAVE,P*Light,0,5,8,12,0
SINOBUZ,Seaside Labyrinth,80's SYNTH FUNK,Dirty Androids,0,4,7,9,0
SINOBUZ,Seize the Day,FUTURE BASS,DJ'TEKINA//SOMETHING feat.yuyoyuppe,0,5,8,10,0
SINOBUZ,Selfish Sweet,R&B,OSTER project feat. かなたん,0,3,5,9,0
SINOBUZ,SEQUENCE CAT,TECHNO,SLEDLAKE (SLAKE & L.E.D.),0,5,10,11,0
SINOBUZ,Shoot'Em All,DETROIT TECHNO,Manabu Namiki,0,3,7,11,0
SINOBUZ,shuriken,CHIPTUNE,ヒゲドライバー,0,4,6,10,0
SINOBUZ,SINOBUZ Fantasy,CANDY ROCK,Noria,0,6,9,10,0
SINOBUZ,Sky High,ANTHEM,Cuvelia,3,6,10,12,0
SINOBUZ,Snakey Kung-fu,ASIAN CONTEMPORARY,金獅子 vs 麒麟 feat. 獏,0,6,10,12,0
SINOBUZ,Steel Edge,DRUM&BASS,Maozon,0,5,8,12,0
SINOBUZ,Summerlights(IIDX Edition),HARDCORE RAVE,DJ Noriken,0,6,9,12,0
SINOBUZ,Super Rush,HARDTEK,kors k,0,6,9,12,0
SINOBUZ,Surf on the Light,ELECTRO FUSION,Tomoyuki Uchida,0,4,8,10,0
SINOBUZ,Sweet Clapper,J-POP,livetune+,0,3,7,10,0
SINOBUZ,The Commanders,HARDSTYLE,USAO,0,5,8,10,0
SINOBUZ,TOGAKUSHI,HARD TRANCE,SETUP,0,5,10,12,0
SINOBUZ,Umbral,UPLIFTING TRANCE,Maozon,0,3,7,10,0
SINOBUZ,Venom,JUMP UP/HARDCORE,kors k vs L.E.D.-G,0,6,10,12,0
SINOBUZ,Vermilion,HARD HOUSE,Remo-con,0,5,8,10,0
SINOBUZ,Warrior,MAINSTREAM HARDCORE,DJ CHUCKY feat. Jonjo,0,5,8,10,0
SINOBUZ,XINOBIKILL,CYBER JAZZSTEP,SOUND HOLIC feat. Nana Takahashi,0,6,9,11,0
SINOBUZ,yamabiko (SINOBUZ Edition),夏の夕暮れと、DUBSTEP。,かめりあ,0,5,8,11,0
SINOBUZ,Yellow Sketch(RX-Ver.S.P.L.),ALTERNATIVE ELECTRO,高田雅史,0,4,9,11,0
SINOBUZ,〆,HiTECH,lapix,0,6,9,12,0
SINOBUZ,ちらちら・はらはら,ACEDIA,NU-KO,0,3,5,7,0
SINOBUZ,イザナミノナゲキ,WORLD/ELECTRONICA,猫叉Master,0,6,9,12,0
SINOBUZ,ディッシュウォッシャー◎彡おいわちゃん,ネオスカ電波,ARM×狐夢想 feat. 山本椛,0,3,7,11,0
SINOBUZ,九尾狐夜行,ORIENTAL FUSION,天狐,0,5,9,12,0
SINOBUZ,冬椿 ft. Kanae Asaba,HYPER ENKA POP,Xceon,1,5,7,10,11
SINOBUZ,刃図羅,LAST ARTS,猫叉Master vs HuΣeR,0,6,10,12,0
SINOBUZ,忍恋花,忍歌,黒脛,0,5,9,11,0
SINOBUZ,恋はどう？モロ◎波動OK☆方程式!!,理系ポップ,あべにゅうぷろじぇくと feat. 佐倉紗織 produced by ave;new,0,5,8,10,0
SINOBUZ,月雪に舞う華のように,FOREST SNOW,猫叉Master,0,5,7,10,0
SINOBUZ,次葉 -turn the page-,POP ROCK,小寺可南子,0,4,8,10,0
SINOBUZ,津軽雪,MICHINOKU,罠師 VS 安室,0,7,10,12,0
SINOBUZ,火影,HIP HOP,RoughSkreamZ feat.楽天斎,0,5,9,12,0
SINOBUZ,焔極OVERKILL,HARDCORE,RoughSketch Vs. L.E.D.-G,0,6,10,12,0
SINOBUZ,獅子霞麗ノ舞,DRAMATIC WALTZ,HuΣeR,0,4,6,9,0
SINOBUZ,禍根,ORBITALIC FUTURE BASS,U1 overground,0,5,9,11,0
SINOBUZ,童話回廊,空想ファンタジーシリーズ,DJ TOTTO,0,5,9,12,0
SINOBUZ,鴉,CROSSBREED,L.E.D.-G,0,7,10,11,0
CANNON BALLERS,1001 -ESCAPE-,JAZZ ROCK,SOUND HOLIC feat. Nana Takahashi,0,5,8,10,0
CANNON BALLERS,2 Player,BEAT PIANO MUSIC,maras k/marasy×kors k,0,6,9,10,0
CANNON BALLERS,255,HYPER SPEED RAVE,255,0,6,9,12,0
CANNON BALLERS,AA -rebuild-,RENAISSANCE,D.J.Amuro,0,7,10,12,0
CANNON BALLERS,Abraxas,DUBSTEP,SYUNN,0,5,9,11,0
CANNON BALLERS,ACCELERATE,SYNTH-TECH,Sota Fujimori,0,6,8,10,0
CANNON BALLERS,Acidiva 303,HARD DANCE,ni-21,0,4,7,10,0
CANNON BALLERS,Alpheratz,PIANO TRANCE,Xceon,0,2,5,9,0
CANNON BALLERS,Amor De Verao,熱帯 THE BASS,かめりあ feat. ななひら,0,4,8,11,0
CANNON BALLERS,ANAGMA,PSY TECH DANCE,C-Show,0,5,8,10,0
CANNON BALLERS,ANCHOR,STYLISH CROSSOVER,"BEMANI Sound Team ""HuΣeR Vs. SYUNN""",0,7,10,12,0
CANNON BALLERS,Antigravity,HARDCORE DANCE SPEED,t+pazolite,0,6,10,12,0
CANNON BALLERS,Arca,GENESIS,"BEMANI Sound Team ""Akhuta Works""",0,5,9,12,0
CANNON BALLERS,Around the Future,CYBERCORE,Maozon vs. C-Show,0,6,9,11,0
CANNON BALLERS,Back Spin Sweeper,WAGON WHEEL TRANCE,DJ TOTTO,0,6,9,11,0
CANNON BALLERS,Battleground,SCHRANZ,kors k,0,6,9,11,0
CANNON BALLERS,Be a Hero!,DIGITAL THRASH PUNK,中島由貴,0,4,9,11,0
CANNON BALLERS,Beast mode,SPEED EURO,"BEMANI Sound Team ""TAG""",0,6,9,11,0
CANNON BALLERS,Best of Me,CYBER LIQUID FUNK,Maozon,0,4,8,10,0
CANNON BALLERS,Boomy and The Boost,NEO JUNGLE,Eagle,0,6,9,12,0
CANNON BALLERS,Break Stasis,DRUMSTEP/HARDCORE,Hommarju & Akira Complex,0,6,9,10,0
CANNON BALLERS,ChaserXX,CYBERNETICS PIANO HOUSE,HuΣeR,0,6,9,11,0
CANNON BALLERS,Chemical Cookie,FUTURE BASS,YUC'e,0,5,8,10,0
CANNON BALLERS,City Never Sleeps (IIDX Edition),DRUM&BASS,Dirty Androids,0,7,9,11,0
CANNON BALLERS,COSMIC☆WONDER☆REVOLUTION,COSMIC POP,猫叉Master+,0,4,7,9,0
CANNON BALLERS,DEADHEAT,HARDCORE,DJ Myosuke,0,6,10,12,0
CANNON BALLERS,DEATH†ZIGOQ ～怒りの高速爆走野郎～,世紀末コア,"L.E.D.ALiCE(DJ NAGAI Vs. BEMANI Sound Team ""L.E.D.-G"")",0,7,10,12,0
CANNON BALLERS,DropZ-Line-,PUMPCORE,Getty vs. DJ DiA,0,7,10,12,0
CANNON BALLERS,Eine Haube ～聖地の果てにあるもの～,VELLUM,AIKO OI,0,5,8,11,0
CANNON BALLERS,EMERALDAS,IRREGULAR DJENT STEP,"BEMANI Sound Team ""HuΣeR vs dj Hellix""",0,7,11,12,0
CANNON BALLERS,encounter,DRUM'N'BASS,猫叉Master+,0,5,9,12,0
CANNON BALLERS,Exhaust Hype,HARD BASS HOUSE,DJ Noriken,0,5,9,11,0
CANNON BALLERS,Expanded !!,MIDDLE EASTERN TWERK,"BEMANI Sound Team ""Expander""",0,4,8,10,0
CANNON BALLERS,Fervidex,ARTCORE,Feryquitous,0,5,9,11,0
CANNON BALLERS,FIRE BALL,SPEED STAR,"BEMANI Sound Team ""RACER-X""",0,5,9,11,0
CANNON BALLERS,FREEDOM,HYPER DUBSTEP,USAO,0,5,8,11,0
CANNON BALLERS,From Time To Time,TECH HOUSE,sanodg,0,4,9,10,0
CANNON BALLERS,FUTURE is Dead,HOLIC,C-Show,0,5,8,11,0
CANNON BALLERS,Get Up! feat. Kanae Asaba,TROPICAL HOUSE,MK,0,3,7,9,0
CANNON BALLERS,HAT TRICK,HANDZ STYLE,P*Light,0,5,8,10,0
CANNON BALLERS,Hella Deep,FREESTYLE,MASAYOSHI IIMORI,0,4,7,10,0
CANNON BALLERS,HYPE THE CORE,GABBA,DJ CHUCKY,0,6,10,11,0
CANNON BALLERS,I Love You,EURO TRANCE,O/iviA,0,5,9,11,0
CANNON BALLERS,I'm Coming (2017 Version),ダンスミュージック,Pa's Lam System,0,3,7,9,0
CANNON BALLERS,Illusionary Waterlily,EMOTIONAL RAVE EUPHORIA,DJ Noriken,0,6,10,12,0
CANNON BALLERS,Initiation,00's TECHNO,"BEMANI Sound Team ""謎の勢力""",0,7,10,12,0
CANNON BALLERS,Let's Bounce !!,FUTURE HOUSE,"BEMANI Sound Team ""Sota F.""",0,4,7,10,0
CANNON BALLERS,"Life Is A Game ft.DD""ナカタ""Metal",UPTEMPO HARDCORE,RoughSketch,0,6,10,12,0
CANNON BALLERS,LIGHTS ft. EVO+,EMO BREAKS,lapix,0,4,7,10,0
CANNON BALLERS,LUV DRIVE,POPCORE,RoughSketch feat.Aikapin,0,5,7,10,0
CANNON BALLERS,MAXIVCORD,ADMIRABLE,"BEMANI Sound Team ""dj TAKA""",0,5,9,11,0
CANNON BALLERS,Midnight Lady,NU 80's DISCO FUNK,Dirty Androids,0,4,6,9,0
CANNON BALLERS,Mira,ALTERNATIVE FUGUE,Akhuta,0,5,9,11,0
CANNON BALLERS,n'pa pa BBQ,FUTURE TERROR,YUC'e,0,4,8,11,0
CANNON BALLERS,NITROUS CANNON,MACHINEGUN PSYSTYLE,かめりあ,0,7,10,12,0
CANNON BALLERS,No Limit 2 dAnce feat. 大山愛未,HYPER TECHNO,Y&Co.,0,5,8,11,0
CANNON BALLERS,Nothing but Theory,ULTRA JAZZFUNKTION,lapix,0,5,8,11,0
CANNON BALLERS,O/D*20,TECHNO,Ryu*,0,6,8,10,0
CANNON BALLERS,Only for now,PSYCHDELIC TRANCE,RINA SOUND PRODUCE : KAZUYA TAKASE,0,4,8,10,0
CANNON BALLERS,Papilio ulysses,DRUMSTEP,"BEMANI Sound Team ""SYUNN""",0,7,10,12,0
CANNON BALLERS,Persephone,HARDSTYLE,Massive New Krew,0,6,9,12,0
CANNON BALLERS,Rampage,HARDCORE,USAO,0,6,10,12,0
CANNON BALLERS,Raspberry Railgun,PANIC FUSION,OSTER project,0,7,10,12,0
CANNON BALLERS,REVOLVER,Hi-TECHDANCE,sky_delta,0,5,8,11,0
CANNON BALLERS,Rise Circuit,DRUM'N'BASS,COSIO,0,5,9,11,0
CANNON BALLERS,SHOX,DRUM'N'BASS,RAM,0,5,8,10,0
CANNON BALLERS,Sleepless days,THE WORLD EVOLVE,猫叉Master feat.Mayumi Morinaga,0,4,6,9,0
CANNON BALLERS,Slipstream,FUTURE CORE,lapix,0,5,9,12,0
CANNON BALLERS,Son， not gabba now,GABBA,Y&Co.,0,4,8,10,0
CANNON BALLERS,SPEED,ROCK FUSION,"BEMANI Sound Team ""Mutsuhiko Izumi""",0,5,8,10,0
CANNON BALLERS,SPEED DEMON,HARDTEK,GUHROOVY feat. NO+CHIN,0,5,8,10,0
CANNON BALLERS,STARLIGHT JUNCTION,HEAV'NLY TRANCE,SOUND HOLIC feat. Nana Takahashi,0,4,8,10,0
CANNON BALLERS,Static State,ELECTRO TRANCE,Nhato,0,6,9,10,0
CANNON BALLERS,SUNLiGHT (IIDX Mix),TRANCE SPEED,日龍,0,7,9,11,0
CANNON BALLERS,Temple of Anubis,PSYSTYLE,Massive New Krew,0,5,8,11,0
CANNON BALLERS,THE CANNONBALLER,EUROBEAT,L.E.D. feat. YURiCa/花たん,2,6,10,11,0
CANNON BALLERS,The Chase,TECH BREAKS,DJ Mass MAD Izm*,0,5,10,12,0
CANNON BALLERS,The Revolution (VIP Mix),HDM,Scott Brown & M-Project,0,4,7,10,0
CANNON BALLERS,UMMU,OSHARave,t+pazolite,2,6,10,11,0
CANNON BALLERS,Usual Days-remix,DANCE POP,ota2,0,5,9,11,0
CANNON BALLERS,VOX RUSH,ROTTERDAM RAVE,青龍 × sampling masters MEGA & sampling masters AYA,0,7,10,12,0
CANNON BALLERS,Xperanza,HYBRID HARDCORE,aran,3,7,10,12,0
CANNON BALLERS,うさ☆かめ 大戦争！,プログレッシブ徒競走,ARM×狐夢想 feat. I've : 柚子乃 & RINA,0,6,8,11,0
CANNON BALLERS,エディブルフラワーの独白,HARD FRENCH,OSTER project feat. 常盤ゆう,0,4,8,10,0
CANNON BALLERS,シムルグの目醒め,NATURE,"BEMANI Sound Team ""DJ TOTTO"" feat.rionos",0,7,10,12,0
CANNON BALLERS,ナイトシティー・アヴァンチュール,歌謡ニューウェーブ,森永真由美,0,5,7,9,0
CANNON BALLERS,ハイ*ビスカス ft. Kanae Asaba,YANKEE CAR J TRANCE,Xceon,0,4,7,10,0
CANNON BALLERS,バ→ビ→ブ→Bomb!,電波ソング,ヒゲドライバー join. 新菜まこ & 松平なな,0,5,9,11,0
CANNON BALLERS,バスルーム ロマンス,CLASSIC MOTIF,"BEMANI Sound Team ""Saori Watanabe""",0,5,8,10,0
CANNON BALLERS,パラドキシカル・タイムリープトライアル(Short Ver.),AKIBA-POP,MOSAIC.WAV,0,5,9,11,0
CANNON BALLERS,ラストセンチュリーメランコリック,FUTURE J-POP,DJ Taku aka ☆Taku Takahashi (m-flo),0,5,8,10,0
CANNON BALLERS,共犯へヴンズコード,ELEGANT SWING,D-Evoke（与那嶺雅人/小日向翔）,0,3,7,10,0
CANNON BALLERS,命の標本,STRANGE WORLD MUSIC,志方あきこ,0,4,8,11,0
CANNON BALLERS,東京神話,ORBITALIC GABBER STEP,"DJ TECHNORCH feat.宇宙★海月 vs BEMANI Sound Team ""U1-ASAMi""",0,6,9,12,0
CANNON BALLERS,神謳 -RESONANCE-,Hi-MYTH,SOUND HOLIC feat. Nana Takahashi Vs.GOD PHOENIX Prim,0,7,10,12,0
CANNON BALLERS,純真可憐デザイア,EMOTIONAL ROCK,"BEMANI Sound Team ""HuΣeR"" feat.Fernweh",1,4,8,10,0
CANNON BALLERS,草原の王女-軌跡を辿って-,JOURNEY SCENE,劇団レコード,0,3,7,10,0
Rootage,& Intelligence,MEGA MIX,lapix,0,5,9,11,0
Rootage,50th Memorial Songs -Beginning Story-,ANNIVERSARY,BEMANI Sound Team,0,4,8,10,0
Rootage,50th Memorial Songs -Flagship medley-,ANNIVERSARY,BEMANI Sound Team,0,5,8,10,0
Rootage,50th Memorial Songs -The BEMANI History-,ANNIVERSARY,BEMANI Sound Team,0,5,9,11,0
Rootage,50th Memorial Songs -二人の時 ～under the cherry blossoms～-,ANNIVERSARY,BEMANI Sound Team,0,5,8,10,0
Rootage,A Tale Hidden In The Abyss,COMMENT OUT,"BEMANI Sound Team ""person09""",0,6,9,11,0
Rootage,Afterimage d'automne,ASYMMETRY ART,"BEMANI Sound Team ""猫叉劇団""",0,6,9,11,0
Rootage,AGAiN,HARDCORE,DJ NAGAI,0,5,8,10,0
Rootage,Angels & Demons,DRUM & BASS,月代 彩,0,5,8,10,0
Rootage,BLACK JACKAL,DANCE MUSIC,Akira Complex,0,5,8,10,0
Rootage,BLOSSOM,BLOOM TRANCE,"BEMANI Sound Team ""TAG""",0,5,8,10,0
Rootage,Carmina,SYMPHONIC TRANCECORE,CANVAS feat. Quimar,0,6,10,12,0
Rootage,Carry Me Away,FUTURE CORE,lapix,0,7,9,12,0
Rootage,Catch Our Fire!,MARVELOUS CHEER,中島由貴,0,6,10,12,0
Rootage,CODE:0,BIG BEAT,"BEMANI Sound Team ""HEXA""",0,5,9,11,0
Rootage,CoMAAAAAAA,UPLIFTING ETHNIC,Ryu☆,0,6,9,10,0
Rootage,COSMIC CYBER,BIGCORE,"BEMANI Sound Team ""Captain Sonic""",0,5,9,11,0
Rootage,Cranberry City ft. Luschel,GARAGE,lapix,0,5,8,10,0
Rootage,dAuntl3ss,HARDER DANCE MUSIC,DJ Noriken,0,6,10,12,0
Rootage,Digital Skipper,HYBRID,"BEMANI Sound Team ""Expander""",0,6,8,10,0
Rootage,Dr. Chemical & Killing Machine,INDUSTRIAL TECHNO,Hommarju,0,5,9,12,0
Rootage,Drastic Dramatic,8BARS,KING & Princess,0,7,10,12,0
Rootage,DRUNK MONKY,MINIMAL,DJ ODDBALL,0,7,10,12,0
Rootage,Ember Lights,FUSION TRANCE,Nhato,0,5,9,11,0
Rootage,EVANESCENT,PROGRESSIVE ROCK,SOUND HOLIC feat. Nana Takahashi,0,6,10,12,0
Rootage,Garuda,JUKE/FOOTWORK,kors k,0,5,9,11,0
Rootage,Geirskogul,CYBER DRUMSTEP,Maozon,0,5,8,10,0
Rootage,GENE,TECHNO GRAFFITI,VINCENT GANATCH,0,7,10,12,0
Rootage,GIGA THRASH,DUBSTEP,Blacklolita,0,6,9,11,0
Rootage,Glory,EDM,kradness,0,4,7,9,0
Rootage,GO OVER WITH GLARE -ROOTAGE 26-,HARDSTYLE,"BEMANI Sound Team ""L.E.D.-G""",0,6,10,12,0
Rootage,HARD BRAIN,HARD TECHNO,AJURIKA,0,6,9,12,0
Rootage,HEISEI,ELECTRONIC RHAPSODY,"BEMANI Sound Team ""dj TAKA""",0,6,10,11,0
Rootage,HOT LIMIT,IIDX EDITION,"Remixed by BEMANI Sound Team ""HuΣeR feat.PON""",2,5,9,10,0
Rootage,Hurry Hurry,RAVE SXXX,Masayoshi Iimori,0,4,6,9,0
Rootage,IDC feat.REVERBEE (Mo'Cuts Ver),TECH-BREAKS,DJ Mass MAD Izm*,0,7,9,11,0
Rootage,IDOL syndrome.,PSYCHEDELIC ROCK,RINA,0,4,7,10,0
Rootage,KILL EACH OTHER,PSYSTYLE,"BEMANI Sound Team ""L.E.D. VS. L.E.D.-G""",0,7,10,12,0
Rootage,L.F.O,UK HARDCORE,aran,0,5,9,12,0
Rootage,LADYBIRD,GLITCH HOP,YUC'e,0,7,9,11,0
Rootage,Let me be your cure,ELECTRIC DANCE ROCK,Pizuya's Cell,0,5,7,10,0
Rootage,Lethal Weapon,RECKLESS HARDCORE,"BEMANI Sound Team ""HuΣeR""",0,6,9,12,0
Rootage,Level One,Drumstep / DnB,Yamato,0,6,10,12,0
Rootage,Lift Us High,MELODIC TRANCE,"BEMANI Sound Team ""Sota Fujimori""",0,5,8,10,0
Rootage,LOST TECHNOLOGIE,TECHNO,かめりあ,0,5,9,12,0
Rootage,Macho Monky,JUNGLE TERROR,kors k,0,6,10,12,0
Rootage,Necroxis Girl,GLITCH DUBSTEP,"BEMANI Sound Team ""HuΣeR""",0,6,9,11,0
Rootage,"Next Tales 2 Oath (IIDX 20th Anniv ""Ring"" Theme)",THEME SONG,Hommarju,0,5,9,11,0
Rootage,Night! Night! Night!,EURO DYNAMITE,MM,0,6,9,11,0
Rootage,ONIGOROSHI,TOKYO STYLE SPEEDCORE,m1dy,0,6,10,12,0
Rootage,OVER TIME,ELECTRO POP,空中分解feat.アンテナガール,0,3,5,8,0
Rootage,Painful Fate,DRUM'N'BASS,"BEMANI Sound Team ""猫叉Master""",0,7,10,12,0
Rootage,Particle Arts,NEOTRANCE,Virtual Self,0,4,8,10,0
Rootage,Playing With Fire,SPEED RAVE,kors k,0,6,9,11,0
Rootage,Please Welcome Mr.C,JAZZY HOLIC,C-Show,0,6,9,12,0
Rootage,Psycho Sheep Riddim,RIDDIM DUBSTEP,"BEMANI Sound Team ""SYUNN""",0,3,7,9,0
Rootage,Re:Story,J-POP,ももいろクローバーZ,0,3,7,10,0
Rootage,Red. by Jack Trance,TECH-BREAKS,DJ Mass MAD Izm*,0,7,10,12,0
Rootage,REPLAY,TECHNO,SLAKE,0,4,8,10,0
Rootage,ROCK女 feat. 大山愛未， Ken,TRANCE,Y&Co.,0,7,9,11,0
Rootage,ROZA DE ANDALUCIA,MELODIC SPEED METAL,SOUND HOLIC Vs. T.Kakuta feat. Nana Takahashi,0,6,9,11,0
Rootage,ruin of opals,IRIDESCENCE JAZZ ETUDE,上ノ瀬つかさ,0,6,10,12,0
Rootage,R∞tAge,NEO J-TEKNO,"BEMANI Sound Team ""HuΣeR+""",0,5,8,11,0
Rootage,Serious?,FESTIVAL TRAP,KSUKE,0,3,7,10,0
Rootage,Sidechained Threats,ELECTRO,sanodg,0,6,8,10,0
Rootage,SIGMA,HARDROCK,"BEMANI Sound Team ""Mutsuhiko Izumi""",0,5,8,10,0
Rootage,Six String Proof,HARDROCK,"BEMANI Sound Team ""Yvya × Mutsuhiko Izumi""",0,5,9,11,0
Rootage,SPEED ROCKER,PSYCHEDELIC TRANCE ,AJURIKA,0,4,9,10,0
Rootage,Starry Night,HARDSTYLE,Massive New Krew feat.松平なな,0,4,7,10,0
Rootage,Technicolour Dreams,HDM,DUNE & M-Project & GUHROOVY,0,5,8,10,0
Rootage,The Best of Both Worlds,EUROTRAPBEAT,☆Taku Takahashi (m-flo， block.fm),0,3,8,10,0
Rootage,THE DAY OF JUBILATIONS,HARD ELECTRIC POP,"BEMANI Sound Team ""S-C-U vs L.E.D.""",0,7,10,12,0
Rootage,The Rebellion of Sequencer,DJENTCORE,DJ Myosuke,0,7,10,12,0
Rootage,The Sealer ～ア・ミリアとミリアの民～,ELEMENTAL JIG,Zektbach,0,4,7,10,0
Rootage,toy boxer,BOXINGCORE,"BEMANI Sound Team ""S-C-U & SYUNN""",0,4,8,10,0
Rootage,ToyCube Pf.(RX-Ver.S.P.L.),NEW AGE,高田雅史,0,4,7,9,0
Rootage,Trill auf G,MUSIC GAMES HARDCORE,"BEMANI Sound Team ""dj TAKA""",0,6,10,12,0
Rootage,Twilight Warp,CYBER DANCE MUSIC,Maozon feat. Kyte,0,4,7,9,0
Rootage,U.S.A.,IIDX EDITION,"Remixed by BEMANI Sound Team ""PHQUASE feat.TRANDER Jr.""",3,6,9,11,0
Rootage,Unbelief,METAL,"BEMANI Sound Team ""Anonymous""",0,5,10,12,0
Rootage,UNDERWORLD HOLOGRAPHY,DRUM & BASS,"BEMANI Sound Team ""L.E.D."" feat. KOTOKO",0,5,9,11,0
Rootage,Urban Constellations,JAZZY FOOTWORK JUNGLE,Dirty Androids,0,4,8,11,0
Rootage,Visterhv,REBIRTH OUT,Feryquitous,0,6,10,12,0
Rootage,voltississimo,VVV,"BEMANI Sound Team ""PHQUASE""",0,6,10,12,0
Rootage,Wing of Hearts,HYPER HANDS UP,USAO & DJ Nanashi,0,5,8,10,0
Rootage,Wolf 1061,PIANO TRANCE,Xceon,0,4,8,11,0
Rootage,Won(*3*)Chu KissMe!,IIDX EDITION,"Remixed by BEMANI Sound Team ""L.E.D."" & IOSYS",1,5,8,10,0
Rootage,Wonderland,CANDY RAVE GABBER,kors k,0,5,9,11,0
Rootage,X-DEN,ULTIΣATE COLLABORATION,T.Σ.Generation,0,8,11,12,0
Rootage,XENON II ～TOMOYUKIの野望～,ELECTRO SHOCK,Mr.T,0,6,9,11,0
Rootage,Xlo,NEUTRONIKA,sasakure.UK,0,7,10,12,0
Rootage,Yum Yum Jelly,FUTURE BASS,YUC'e,0,5,9,11,0
Rootage,ZENDEGI DANCE,ORBITALIC ORIENTAL ELECTRO,"ARM × BEMANI Sound Team ""U1 overground""",0,6,9,11,0
Rootage,おーまい！らぶりー！すうぃーてぃ！だーりん！,LOVELY YOUTH,"BEMANI Sound Team ""PON"" feat.NU-KO",0,5,9,11,0
Rootage,お菓子の王国,SPEED CANDY,Snail's House,0,7,10,12,0
Rootage,グラナダの風,SPANISH GUITAR,"BEMANI Sound Team ""劇団レコード""",0,5,8,10,0
Rootage,サクラあっぱれーしょん,IIDX EDITION,"Remixed by BEMANI Sound Team ""TAG"" feat. 柊木りお",1,3,7,9,0
Rootage,セカンドピアス,GIRLS ROCK,OSTER project feat. echo,0,3,6,9,0
Rootage,ハードベース・フェスタ,A-STYLE RUSSIAN HARDBASS,かめりあ feat. ななひら,0,6,9,11,0
Rootage,ミストレス・アンに花束を,ELECTRONICA,"soejima takuma feat.BEMANI Sound Team ""猫叉Master""",0,3,6,8,0
Rootage,ミッドナイト☆WAR,BEMANIZED ROCKCORE,いちか,0,5,8,11,0
Rootage,夏の匂い。キミの残像。 ft. Kanae Asaba,Re 90's J-DANCE POP,Xceon,0,4,8,10,0
Rootage,抱きしめてモナムール,Hi-歌謡コア,冬色AMOUR☆Prim,0,5,10,12,0
Rootage,最小三倍完全数,ピタゴラス的不完全性破壊衝動音律(ハンマーによる),DJ TECHNORCH,0,5,9,12,0
Rootage,泰東ノ翠霞,JAPANESE POPS,bermei.inazawa/feat.霜月はるか,0,3,6,11,0
Rootage,深愛のリグレット,PIANO J TRANCE POP,Xceon feat.Mayumi Morinaga,0,4,7,10,0
Rootage,爆ゼニ☆がってんワーカー,勤労☆電波,ARM×狐夢想 feat. ななひら,0,6,9,11,0
Rootage,花冠 feat.Aikapin,SOCA,RoughSkreamZ,0,6,9,11,0
Rootage,金野火織の金色提言,音ゲー賛美歌,DJ TECHNORCH feat. 宇宙★海月,0,6,10,12,0
Rootage,龍王の霊廟(Mausoleum Of The Primal Dragon),RETROSPECTIVE EPIC MUSIC,"BEMANI Sound Team ""黒猫ダンジョン""",0,6,10,11,0
HEROIC VERSE,27th style,HIP HOP,"三代目 ""dj TAKA & DAYBREAKERS""",0,5,9,11,0
HEROIC VERSE,AKASHIC BREAK,LAPLACE CORE,"BEMANI Sound Team ""TAG""",0,6,10,12,0
HEROIC VERSE,And-RoiD,J-POP,Fujishiro feat.KNA,0,4,7,9,0
HEROIC VERSE,Backyard Stars,FUTURE BASS,TAKU INOUE,0,6,8,10,0
HEROIC VERSE,beatAffection,BEAT MUSIC,ビートまりお,0,5,8,10,0
HEROIC VERSE,Beautiful Harmony (IIDX Mix),PROGRESSIVE TRANCE,Ryu☆,0,5,8,10,0
HEROIC VERSE,Bow shock!!,JAZZ PIANO TRANCE,Xceon,0,4,9,11,0
HEROIC VERSE,Calvados Queen,JAZZ ROCK,OSTER project feat. かなたん,0,5,8,10,0
HEROIC VERSE,Change Yourself,TRANCE,ARM × kradness,0,5,9,11,0
HEROIC VERSE,Crank It,BASS HOUSE,Crayvxn,0,4,7,9,0
HEROIC VERSE,Do What You Want,FUTURE BASS,"BEMANI Sound Team ""SYUNN""",0,4,7,10,0
HEROIC VERSE,Drop It,DUBSTEP/MMETAL/DJENT,Dazsta,0,6,9,11,0
HEROIC VERSE,Duration,DRUM & BASS,佐野電磁,0,3,6,9,0
HEROIC VERSE,EXCITE,IIDX EDITION,"Remixed by BEMANI Sound Team ""HuΣeR feat.PON""",2,4,7,10,0
HEROIC VERSE,fairy cocktail,エレクトロニック/エレクトロニカ/ポップ,Tomggg,0,3,6,8,0
HEROIC VERSE,Fly Above (Vicissitude Remix),DREAM DRUM'N'BASS,"Remixed by BEMANI Sound Team ""PHQUASE""",0,4,7,10,0
HEROIC VERSE,GIGA VIOLATE,EDM-DUBSTYLE,Blacklolita,0,6,8,11,0
HEROIC VERSE,Hold My Hand,MELODIC DANCE MUSIC,"BEMANI Sound Team ""Sota Fujimori""",0,5,8,10,0
HEROIC VERSE,Horizons of Promise,ALTANATIVE ROCK,"BEMANI Sound Team ""SPIRITUAL RIDE""",0,4,7,10,0
HEROIC VERSE,Hyper Drive feat. ぷにぷに電機,DANCE POP,パソコン音楽クラブ,0,3,7,9,0
HEROIC VERSE,Inferno of Fomalhaut,DJENT STEP,fallen shepherd ft. ricono,0,5,10,12,0
HEROIC VERSE,Infinity Mirror,NEO 90's CINEMATIC TECHNO,Dirty Androids,0,5,8,10,0
HEROIC VERSE,LASER CRUSTER (IGNITE REMIX),DRUM & BASS / HYBRID TRAP,"Remixed by BEMANI Sound Team ""HuΣeR""",0,4,8,12,0
HEROIC VERSE,LIGHTNING STRIKES,Hi-GAIN ENERGY,"BEMANI Sound Team ""HuΣeR""",0,5,9,12,0
HEROIC VERSE,Like+it!,EUROBEAT,Ryu☆,0,6,9,11,0
HEROIC VERSE,Lords Of The Roundtable,PIANO BEAT MUSIC,DJ Mass MAD Izm* feat.REO,0,6,10,12,0
HEROIC VERSE,Matt Silver,TECHSTYLE,Remo-con,0,6,9,12,0
HEROIC VERSE,Mel,DRUM'N'BASS,Applekid,0,4,7,9,0
HEROIC VERSE,Moving on,PSYCHEDELIC TRANCE,AJURIKA feat.矢吹真央,0,5,8,11,0
HEROIC VERSE,Nasty Techniques,Hi-TECH FULL ON,kors k,0,5,9,11,0
HEROIC VERSE,NEWALONE,INDUSTRIAL BASS,Masayoshi Iimori,0,4,7,9,0
HEROIC VERSE,NRG STAR '86 feat. 大山愛未,Hi-NRG,Y&Co.,0,5,8,10,0
HEROIC VERSE,Ohayo!,FESTIVAL TRAP,KSUKE,0,5,8,11,0
HEROIC VERSE,OUTER PLANETS,EPIC STORY,"BEMANI Sound Team ""劇団レコード""",0,4,7,10,0
HEROIC VERSE,Override,EUPHORIC HARDCORE,Nhato,0,5,8,11,0
HEROIC VERSE,PHASE SHIFT MANEUVER,PSYSTYLE,"BEMANI Sound Team ""L.E.D.""",0,6,9,11,0
HEROIC VERSE,POP TEAM EPIC(kors k Remix),IIDX EDITION,上坂すみれ,1,3,7,9,0
HEROIC VERSE,Primitive Vibes,TRIBAL FRONTIER,lapix,0,6,10,12,0
HEROIC VERSE,Queen Kaguya,ORBITALIC MOON MIXTURE,"BEMANI Sound Team ""U1 overground""",0,6,9,11,0
HEROIC VERSE,Rainstorm,UPLIFTING TRANCE,Maozon feat. Chica,0,5,8,10,0
HEROIC VERSE,Rave lithosphere,RAVE,Sampling Masters MEGA,0,5,8,11,0
HEROIC VERSE,Rave Patroller,FUTURE SKOOL BREAKBEATS HARDCORE,Eagle,0,7,10,12,0
HEROIC VERSE,SCREW // owo // SCREW,TWERKCORE // uwu // BEATJUGGLE,かめりあ,0,6,9,12,0
HEROIC VERSE,Shiva,HARD PSY,Relect,0,4,8,11,0
HEROIC VERSE,Silly Love,ELECTRO NU DISCO,DE DE MOUSE,0,4,8,10,0
HEROIC VERSE,Ska-sh All Neurons!!,"A-STYLE NEURO+""スカ""+FUNK DRUMSTEP",かめりあ feat. ななひら,0,4,7,10,0
HEROIC VERSE,Sugar Drippin',GARAGE,kors k,0,4,7,9,0
HEROIC VERSE,T-REX vs Velociraptor (In the Far east euphoria),RAVECORE,RoughSketch & TARACHINE,0,7,9,12,0
HEROIC VERSE,TECHNO Style Essentials,TECHNO,"BEMANI Sound Team ""SETUP from Berlin""",0,6,9,12,0
HEROIC VERSE,THE BRAVE MUST DIE,HARDCORE,"BEMANI Sound Team ""L.E.D.-G""",0,6,10,12,0
HEROIC VERSE,THE F∀UST,PIERROT CORE,Masqed Pierrot,0,7,10,12,0
HEROIC VERSE,Theory,TRAP,YUTO,0,5,8,11,0
HEROIC VERSE,TRIUMPH,UK HARDCORE,AJURIKA,0,6,9,12,0
HEROIC VERSE,UNITE THE HEART,DANCE POP DUET,"BEMANI Sound Team ""T.Kakuta"" feat. 709sec. / 花たん",0,7,10,11,0
HEROIC VERSE,VALKYRIAS -英雄誕生-,HEROIC VALHALLA ROCK,"BEMANI Sound Team ""HuΣeR"" feat.Fernweh",2,6,9,11,0
HEROIC VERSE,VIBRΛ,EMO STEP,Nhato Vs. MK,0,5,7,10,0
HEROIC VERSE,Virus Funk,PROGRESSIVE DISCO,Nhato,0,4,7,10,0
HEROIC VERSE,Volcanic Dragon,HARDCORE RAVE,DJ Shimamura,0,6,8,11,0
HEROIC VERSE,Voo Doo Bamboleo,TRIBAL DANCE,SOUND HOLIC Vs. ZYTOKINE feat. CALEN,0,5,8,10,0
HEROIC VERSE,がっつり陰キャ!? 怪盗いいんちょの億劫^^;,Hi-メランコリックコア,噂の怪盗少女ぷらずま★彡Prim@休業中～( _ _ ).。,0,7,10,12,0
HEROIC VERSE,ガヴリールドロップキック,IIDX EDITION,Remixed by かめりあ,3,5,9,11,0
HEROIC VERSE,セピアの軌跡 ft. 天宮みや(少女フラクタル),MS J TRANCE POP,Xceon,0,4,7,10,0
HEROIC VERSE,ランカーキラーガール,KILLER PUNK,中島由貴 × いちか,0,6,9,11,0
HEROIC VERSE,令和(1991RAVE REMIX),RAVE,ゴールデンボンバー,2,4,8,11,0
HEROIC VERSE,俺ら東京さ行ぐだ,IIDX EDITION,Remixed by すわひでお & uno(IOSYS),1,4,7,10,0
HEROIC VERSE,曼荼羅恋々,GOTHIC CORE,"BEMANI Sound Team ""Akhuta Works"" feat. Nana Takahashi",0,6,9,11,0
HEROIC VERSE,深淵に捧ぐレクイエム,CYBER REQUIEM,OSTER project,0,5,9,12,0
HEROIC VERSE,華麗なる大犬円舞曲,CINEMATIC VALSE,Wiktoria,0,7,10,12,0
HEROIC VERSE,錬成人間トリコロイダー,特撮ハードコア,DJ SHARPNEL feat. ￥Ｃｕスタ平,0,5,8,11,0
HEROIC VERSE,開きたまえ！Next stAge！,CHARACTER SONG,librarians of Rootage (Ripnte， Stampa and Cleep),0,5,9,11,0
